Image Name,Original Width,Original Height
139,640,426
285,586,640
632,640,483
724,375,500
776,428,640
785,640,425
802,424,640
872,621,640
885,640,427
1000,640,480
1268,640,427
1296,427,640
1353,375,500
1425,640,512
1490,640,315
1503,320,240
1532,640,480
1584,612,612
1675,640,480
1761,427,640
1818,640,425
1993,640,419
2006,640,480
2149,640,427
2153,640,480
2157,640,427
2261,640,427
2299,500,302
2431,457,640
2473,640,427
2532,480,640
2587,500,375
2592,640,366
2685,640,555
2923,500,375
3156,443,640
3255,640,363
3501,612,612
3553,640,427
3661,640,384
3845,500,375
3934,375,500
4134,640,425
4395,425,640
4495,500,375
4765,612,612
4795,640,480
5001,640,480
5037,640,425
5060,480,640
5193,640,425
5477,640,349
5503,333,500
5529,444,640
5586,320,240
5600,640,361
5992,640,428
6012,640,531
6040,640,351
6213,640,425
6460,640,427
6471,500,333
6614,500,396
6723,640,361
6763,375,500
6771,640,427
6818,427,640
6894,640,480
6954,640,480
7088,478,640
7108,640,426
7278,640,482
7281,640,361
7386,600,400
7511,640,480
7574,640,480
7784,500,375
7795,640,427
7816,640,427
7818,640,427
7888,638,640
7977,429,640
7991,640,359
8021,640,480
8211,640,459
8277,612,612
8532,640,426
8629,640,640
8690,640,480
8762,640,427
8844,640,426
8899,640,539
9378,600,400
9400,640,480
9448,551,640
9483,640,480
9590,640,427
9769,640,480
9772,550,640
9891,640,480
9914,640,480
10092,640,426
10363,640,361
10583,612,612
10707,640,480
10764,640,424
10977,500,375
10995,640,480
11051,640,536
11122,640,480
11149,500,375
11197,640,427
11511,640,464
11615,480,640
11699,480,640
11760,640,425
11813,333,500
12062,640,427
12120,640,428
12280,480,640
12576,480,640
12639,480,640
12667,640,480
12670,640,428
12748,480,640
13004,375,500
13177,640,427
13201,427,640
13291,500,335
13348,640,427
13546,640,425
13597,640,425
13659,640,480
13729,640,480
13774,640,480
13923,640,427
14007,640,426
14038,640,427
14226,640,480
14380,640,427
14439,640,404
14473,640,427
14831,480,640
14888,640,480
15079,640,424
15254,640,427
15272,424,640
15278,640,480
15335,640,480
15338,640,424
15440,404,640
15497,640,480
15517,640,480
15597,433,640
15660,640,348
15746,427,640
15751,640,427
15956,640,480
16010,640,471
16228,640,440
16249,500,365
16439,640,480
16451,612,612
16502,375,500
16598,478,640
16958,640,428
17029,640,640
17031,500,334
17115,443,640
17178,640,427
17182,640,428
17207,640,480
17379,478,640
17436,481,640
17627,640,480
17714,640,480
17899,480,640
17905,480,640
17959,640,427
18150,640,480
18193,640,480
18380,640,426
18491,640,427
18519,515,640
18575,640,480
18737,640,427
18770,640,428
18833,640,426
18837,640,480
19042,640,371
19109,640,428
19221,640,478
19402,640,480
19432,640,480
19742,500,374
19786,500,375
19924,458,500
20059,640,427
20107,333,500
20247,640,457
20333,427,640
20553,500,375
20571,539,640
20992,500,333
21167,426,640
21465,500,281
21503,640,480
21604,512,640
21839,480,640
21879,640,427
21903,640,480
22192,640,426
22371,425,282
22396,640,495
22479,640,605
22589,640,480
22623,640,480
22705,482,640
22755,640,479
22892,500,334
22935,640,480
22969,500,375
23023,612,612
23034,640,427
23126,640,428
23230,640,480
23272,500,375
23359,640,428
23666,480,640
23751,430,640
23781,640,427
23899,640,425
23937,640,428
24021,640,390
24027,500,375
24144,640,480
24243,640,480
24567,480,640
24610,640,480
24919,640,425
25057,640,427
25096,375,500
25139,500,334
25181,640,427
25228,640,436
25386,427,640
25393,640,480
25394,480,640
25424,427,640
25560,640,480
25593,640,480
25603,640,480
25986,640,480
26204,640,427
26465,500,375
26564,640,426
26690,427,640
26926,423,640
26941,640,427
27186,640,428
27620,640,480
27696,640,410
27768,612,612
27932,288,307
27972,640,426
27982,500,334
28285,640,425
28449,640,427
28452,480,640
28809,498,500
28993,612,612
29187,640,491
29393,500,375
29397,640,449
29596,640,428
29640,640,426
29675,478,640
29984,640,492
30213,640,449
30494,640,480
30504,480,640
30675,640,360
30785,640,480
30828,640,427
31050,427,640
31093,640,426
31118,640,427
31217,640,426
31248,500,333
31269,640,480
31296,640,425
31322,640,427
31620,480,640
31735,640,480
31749,640,640
31817,334,640
32038,333,500
32081,375,500
32285,640,423
32334,640,480
32570,640,427
32610,640,427
32735,640,427
32811,375,500
32817,480,640
32861,426,640
32887,640,480
32901,640,546
32941,458,640
33005,640,426
33104,428,500
33109,640,480
33114,640,480
33221,500,333
33368,427,640
33638,425,640
33707,612,612
33759,640,457
33854,640,427
34071,640,426
34139,640,480
34205,640,427
34257,500,309
34417,500,375
34452,640,480
34760,426,640
34873,640,480
35062,425,640
35197,429,640
35279,640,463
35326,640,480
35682,480,640
35770,480,640
35963,480,640
36494,640,434
36539,427,640
36660,500,323
36678,640,361
36844,640,480
36861,480,640
36936,640,404
37670,640,480
37689,640,426
37740,640,480
37751,640,480
37777,352,230
37988,640,480
38048,299,500
38070,500,375
38118,640,427
38210,428,640
38576,438,640
38678,480,640
38825,640,427
38829,640,427
39405,640,480
39477,640,421
39480,640,427
39484,640,437
39551,640,427
39670,640,640
39769,640,480
39785,500,375
39914,487,640
39951,640,445
39956,640,427
40036,640,427
40083,500,333
40471,427,640
40757,425,640
41488,640,369
41633,640,429
41635,640,480
41872,640,426
41888,640,480
41990,640,480
42070,640,512
42102,246,640
42178,640,480
42276,375,500
42296,640,425
42528,640,495
42563,624,640
42628,640,426
42888,500,374
42889,375,500
43314,500,376
43435,638,640
43581,640,427
43737,480,640
43816,640,426
44068,480,640
44195,361,500
44260,640,425
44279,640,425
44590,640,246
44652,640,427
44699,640,426
44877,640,427
45070,640,596
45090,500,259
45229,640,480
45472,640,428
45550,640,480
45596,408,640
45728,640,480
46031,640,480
46048,640,480
46252,640,480
46378,640,360
46463,500,400
46497,500,332
46804,640,480
46872,640,391
47010,640,480
47112,640,480
47121,640,480
47571,639,640
47585,424,640
47740,640,359
47769,500,375
47801,612,612
47819,500,375
47828,640,318
48153,500,375
48396,640,427
48504,640,427
48555,640,465
48564,427,640
48924,640,425
49060,640,411
49091,640,428
49259,427,640
49269,431,640
49759,640,457
49761,640,479
49810,640,424
50006,640,480
50145,480,320
50149,500,376
50165,640,431
50326,500,375
50331,640,480
50380,640,427
50638,640,393
50679,640,427
50811,640,605
50828,640,480
50844,334,500
50896,640,640
50943,640,319
51008,640,480
51309,640,360
51314,640,480
51326,640,427
51598,360,640
51610,640,427
51712,640,368
51738,500,375
51938,640,480
51961,427,640
51976,640,428
52007,480,640
52017,640,425
52412,640,426
52413,500,375
52462,640,427
52507,640,438
52565,640,458
52591,359,640
52891,640,427
52996,640,426
53505,428,640
53529,500,333
53624,640,427
53626,640,480
53909,480,640
53994,481,640
54123,640,428
54164,640,427
54592,640,418
54593,640,427
54605,612,612
54628,375,500
54654,407,640
54931,427,640
54967,424,640
55002,500,375
55022,480,640
55072,640,427
55150,640,426
55167,640,360
55299,640,429
55528,640,480
55950,426,640
56127,580,640
56288,640,480
56344,640,480
56350,612,612
56545,505,640
57027,640,426
57149,640,427
57150,240,320
57232,612,612
57238,375,500
57244,640,425
57597,640,426
57672,640,480
57725,640,480
57760,500,313
58029,640,478
58111,500,490
58350,640,480
58384,640,466
58393,640,486
58539,640,421
58636,634,640
58655,425,640
58705,640,482
59044,640,427
59386,427,640
59598,640,480
59635,486,640
59920,427,640
60052,640,427
60090,640,423
60102,640,360
60347,480,640
60363,640,480
60449,480,640
60507,640,427
60770,500,375
60823,640,480
60835,640,480
60855,500,399
60886,500,333
60899,360,640
60932,640,428
61108,640,480
61171,640,480
61268,640,424
61333,500,361
61418,640,458
61471,640,480
61584,500,375
61658,640,480
61747,640,574
61960,640,371
62025,480,640
62353,640,480
62355,640,428
62554,640,428
62692,427,640
62808,640,481
63047,640,561
63154,640,426
63552,640,586
63602,640,425
63740,640,480
63965,640,427
64084,640,436
64359,500,332
64462,500,378
64495,640,480
64499,640,480
64523,640,444
64574,479,640
64718,640,464
64868,500,375
64898,640,427
65074,424,640
65288,640,427
65350,640,427
65455,500,375
65485,640,364
65736,640,427
65798,640,480
66038,640,480
66135,500,380
66231,640,427
66523,480,640
66561,640,427
66635,640,480
66706,612,612
66771,640,480
66817,612,612
66841,336,500
66886,640,427
66926,640,480
67180,480,640
67213,640,485
67310,486,640
67315,640,427
67406,500,375
67534,306,640
67616,640,480
67896,640,480
68078,360,640
68093,640,480
68286,640,366
68387,640,480
68409,640,263
68628,640,427
68765,640,480
68833,640,480
68933,500,313
69106,500,334
69138,371,640
69213,640,427
69224,500,375
69356,640,505
69795,640,480
70048,640,480
70158,427,640
70229,481,640
70254,640,384
70739,640,480
70774,640,425
71226,640,426
71451,383,640
71711,640,427
71756,640,512
71877,428,640
71938,640,480
72281,427,640
72795,640,480
72813,640,480
72852,424,640
73118,612,612
73153,427,640
73326,640,480
73533,640,480
73702,464,640
73946,640,428
74058,640,427
74092,332,500
74200,640,480
74209,640,480
74256,640,480
74457,640,364
74646,480,640
74733,612,612
74860,640,427
75393,640,435
75456,640,427
75612,640,480
76211,640,500
76261,640,427
76416,640,480
76417,640,478
76468,640,480
76547,640,480
76625,640,480
76731,640,406
77396,640,480
77460,428,640
77595,640,425
78032,640,383
78170,640,640
78266,640,428
78404,500,350
78420,640,480
78426,500,334
78565,640,499
78748,640,480
78823,640,480
78843,640,480
78915,481,640
78959,384,640
79014,291,455
79031,640,427
79034,640,480
79144,640,458
79188,480,640
79229,640,426
79408,640,427
79565,500,375
79588,640,480
79651,640,478
79837,427,640
79969,426,640
80022,640,426
80057,423,640
80153,428,640
80273,640,428
80274,640,480
80340,640,427
80413,640,480
80659,640,427
80666,640,640
80671,640,427
80932,480,640
80949,640,438
81061,640,442
81394,640,480
81594,478,640
81738,640,480
81766,640,480
81988,640,427
82085,640,428
82180,640,425
82688,640,428
82696,427,640
82715,640,427
82765,426,640
82807,640,601
82812,640,360
82821,640,427
82846,640,454
82986,640,444
83113,640,480
83172,640,427
83531,500,275
83540,640,443
84031,640,427
84170,640,480
84241,640,396
84270,640,480
84362,640,480
84431,361,640
84477,640,427
84492,426,640
84650,640,480
84664,612,612
84674,480,640
84752,640,427
85089,640,428
85157,640,480
85195,640,480
85329,640,449
85376,480,640
85478,640,403
85576,500,400
85665,506,640
85682,640,427
85772,640,427
85823,640,427
85911,640,403
86220,640,428
86483,500,375
86582,640,427
86755,640,480
86956,480,640
87038,640,480
87144,640,480
87244,375,500
87470,640,470
87476,427,640
87742,400,500
87875,640,487
88040,427,640
88218,480,640
88250,640,426
88265,427,640
88269,640,480
88345,640,425
88432,480,640
88462,640,383
88485,640,427
88848,640,640
88951,500,374
88970,333,500
89045,640,425
89078,479,640
89271,640,524
89296,640,426
89556,640,480
89648,640,427
89670,640,427
89697,640,429
89761,480,640
89880,500,281
90003,640,480
90062,640,425
90108,640,480
90155,640,427
90208,640,429
90284,640,639
90631,640,389
90891,640,431
90956,640,427
91406,640,424
91495,640,447
91500,640,480
91615,640,425
91619,427,640
91654,640,480
91779,640,480
91921,640,480
92053,640,427
92091,640,480
92124,360,640
92177,626,640
92416,480,640
92660,640,427
92839,640,517
92939,424,640
93154,427,640
93261,500,375
93353,640,480
93437,640,361
93717,640,427
93965,640,457
94157,372,640
94185,640,480
94326,375,500
94336,500,336
94614,640,427
94751,375,500
94852,640,512
94871,480,640
94944,640,427
95069,600,450
95155,640,427
95707,640,360
95786,500,334
95843,640,421
95862,500,375
95899,640,480
96001,640,426
96427,640,427
96493,426,640
96549,640,214
96825,640,503
96960,640,478
97022,640,428
97230,640,480
97278,457,640
97337,500,375
97585,480,640
97679,640,480
97924,600,400
97988,612,612
97994,640,427
98018,640,427
98261,320,216
98287,415,640
98392,480,640
98497,640,480
98520,640,480
98633,428,640
98716,640,359
98839,640,480
98853,427,640
99024,640,482
99039,640,480
99053,640,559
99054,427,640
99114,500,335
99182,500,334
99242,640,426
99428,640,480
99810,500,332
100238,640,480
100274,640,427
100283,640,480
100428,640,491
100489,479,640
100510,600,400
100582,640,427
100624,640,427
100723,500,333
101022,480,640
101068,640,427
101420,500,375
101762,640,480
101780,480,640
101787,457,640
101884,640,426
102331,500,357
102356,427,640
102411,640,427
102644,375,500
102707,612,612
102805,640,426
102820,427,640
103548,640,480
103585,425,640
103723,480,640
104119,640,480
104198,500,375
104424,424,640
104455,640,480
104572,640,419
104603,640,428
104612,640,480
104619,640,480
104666,640,427
104669,500,375
104782,500,375
104803,375,500
105014,427,640
105249,500,333
105264,640,427
105335,612,612
105455,427,640
105912,500,375
105923,640,468
106048,640,428
106235,640,480
106266,640,480
106281,640,425
106330,640,427
106389,640,480
106563,612,612
106757,426,640
106881,640,533
106912,612,612
107087,640,427
107094,640,426
107226,480,640
107339,240,180
107554,640,480
107851,640,480
108026,640,428
108244,640,480
108253,480,640
108440,640,434
108495,333,500
108503,640,427
108864,640,480
109055,640,480
109118,486,640
109313,480,640
109441,640,480
109798,500,333
109827,640,424
109900,640,478
109916,640,480
109976,640,480
109992,640,426
110042,425,640
110211,640,344
110282,640,418
110359,640,428
110449,500,375
110638,640,427
110721,640,418
110784,433,640
110884,640,640
110972,640,487
110999,359,640
111036,425,640
111086,500,336
111179,480,640
111207,478,640
111609,640,429
111951,640,425
112110,640,480
112298,640,480
112378,640,480
112626,423,640
112634,640,443
112798,640,359
112997,480,640
113051,640,480
113235,640,480
113354,640,480
113403,640,451
113589,640,480
113720,640,426
113867,633,640
114049,425,640
114770,640,403
114871,640,427
114884,500,329
114907,640,425
115118,640,427
115245,612,612
115870,640,426
115885,500,375
115898,640,427
115946,480,640
116068,500,375
116206,640,480
116208,640,480
116362,612,612
116439,429,640
116479,411,640
116589,500,375
116825,640,360
117197,640,466
117374,640,428
117425,640,426
117492,640,428
117525,500,500
117645,640,480
117719,640,425
117744,359,640
117908,500,320
117914,333,500
118209,640,480
118367,640,427
118405,640,480
118515,640,299
118594,640,480
118921,640,427
119038,640,480
119088,500,375
119233,500,334
119365,480,640
119445,640,426
119452,640,480
119516,640,427
119641,640,480
119677,640,480
119828,500,375
119911,640,425
119995,468,500
120420,640,480
120572,640,427
120584,480,640
120777,500,375
120853,640,428
121031,640,451
121153,640,480
121242,640,429
121417,480,640
121497,640,480
121506,612,612
121586,640,478
121591,500,400
121673,500,375
121744,640,426
122046,427,640
122166,640,480
122217,425,640
122606,640,480
122672,640,480
122745,480,640
122927,640,361
122962,640,424
122969,500,333
123131,640,427
123213,640,392
123321,612,612
123480,640,480
123585,480,640
123633,640,480
124277,640,481
124442,375,500
124636,640,480
124659,640,480
124798,640,427
124975,640,425
125062,427,640
125072,640,314
125129,500,333
125211,640,480
125245,500,331
125257,640,480
125405,640,428
125472,427,640
125572,640,427
125778,640,480
125806,640,425
125850,640,489
125936,500,327
125952,358,640
126107,640,480
126110,320,240
126137,640,427
126216,640,428
126226,640,480
126592,640,433
127092,640,480
127135,427,640
127182,427,640
127263,640,427
127270,328,500
127394,409,640
127476,480,640
127494,500,333
127517,640,480
127530,640,440
127624,612,612
127660,640,513
127955,640,425
127987,640,426
128051,640,360
128112,425,640
128148,640,428
128372,640,427
128476,640,427
128598,480,640
128654,500,384
128658,640,427
128675,640,480
128699,351,500
128748,491,640
129054,500,375
129062,640,480
129113,640,480
129135,640,480
129322,480,640
129416,500,375
129492,640,480
129756,640,480
129812,640,426
129945,640,320
130386,375,500
130465,640,428
130566,640,427
130579,388,640
130586,427,640
130599,640,480
130613,640,425
130699,640,427
130826,640,480
131131,640,480
131138,640,480
131273,480,640
131379,640,480
131386,640,427
131431,425,640
131444,480,640
131556,640,425
131938,463,640
132116,612,612
132329,426,640
132375,640,480
132408,429,640
132544,640,427
132587,640,425
132622,640,512
132703,426,640
132796,640,426
132931,640,427
133000,640,427
133087,640,429
133233,640,361
133244,640,359
133343,295,480
133418,640,427
133567,640,428
133631,425,640
133645,640,427
133778,640,483
133819,640,425
133969,640,427
134034,475,500
134096,640,480
134112,500,357
134322,640,480
134689,427,640
134722,640,480
134856,640,480
134882,640,639
134886,640,480
135410,480,640
135561,640,480
135604,640,427
135670,375,500
135673,640,427
135872,640,427
135890,428,640
135902,640,425
136033,640,428
136334,640,480
136355,640,427
136466,332,500
136600,640,457
136633,427,640
136715,640,425
136772,500,334
136915,640,427
137106,640,427
137246,500,333
137294,640,427
137576,640,563
137727,640,359
137950,640,415
138115,448,621
138241,480,640
138492,427,640
138550,640,428
138639,640,480
138819,640,480
138856,640,480
138954,612,612
138979,640,426
139077,500,375
139099,640,453
139260,640,388
139684,500,333
139871,640,427
139872,640,480
139883,640,427
140076,500,375
140203,640,480
140270,600,400
140286,640,521
140420,640,428
140439,428,640
140556,640,457
140583,640,478
140640,640,426
140658,480,640
140840,500,281
140929,640,401
140987,425,640
141328,640,480
141597,640,427
141671,640,335
141821,640,480
142092,640,480
142238,640,427
142324,640,480
142472,640,480
142585,375,500
142620,640,426
142790,500,375
142971,640,427
143068,640,213
143556,480,640
143572,640,424
143931,640,480
143961,640,356
143998,612,612
144003,500,375
144114,600,400
144300,640,427
144333,426,640
144706,640,480
144784,375,500
144798,425,640
144932,640,425
144984,426,640
145020,640,361
145591,640,480
145597,640,480
145620,640,436
145665,429,640
145781,640,480
146155,640,512
146358,388,640
146363,500,375
146457,640,480
146489,640,480
146498,640,480
146667,640,539
146825,640,309
146831,640,428
147205,640,437
147223,640,360
147338,480,640
147415,640,480
147498,640,524
147518,480,640
147725,640,393
147729,500,375
147740,640,480
147745,640,480
148508,640,425
148620,500,375
148662,640,480
148707,640,480
148719,640,480
148730,640,427
148739,640,426
148783,448,640
148957,640,480
148999,640,427
149222,500,383
149375,640,485
149406,640,638
149568,640,549
149622,640,453
149770,200,145
150224,640,427
150265,480,640
150417,640,480
150638,640,469
150649,500,311
150726,480,640
150930,411,640
151000,640,426
151051,640,478
151480,640,480
151516,640,427
151629,427,640
151657,385,640
151662,640,480
151820,640,427
151857,640,453
151938,470,640
151962,640,479
152120,640,427
152214,480,640
152465,640,516
152686,640,400
152740,640,331
152771,640,479
152870,512,640
153011,640,480
153217,375,500
153229,640,457
153299,461,500
153343,640,480
153510,640,426
153527,500,375
153529,480,640
153568,500,400
153632,640,480
153669,640,427
153782,416,640
153797,500,400
154000,640,480
154004,640,427
154087,640,480
154213,500,375
154339,640,427
154358,427,640
154425,640,425
154431,640,444
154644,500,500
154705,640,464
154718,375,500
154947,640,640
155051,640,480
155145,500,375
155154,375,500
155179,640,468
155291,640,427
155341,640,480
155443,640,423
155451,640,480
155571,640,428
156071,640,480
156076,640,478
156278,640,425
156292,428,640
156372,335,500
156643,640,480
156924,500,333
157046,500,375
157098,500,333
157124,640,424
157138,500,353
157213,640,360
157365,427,640
157390,640,480
157418,480,640
157601,612,612
157756,480,640
157767,640,427
157807,640,427
157847,640,385
157928,640,480
158227,500,357
158548,640,482
158660,612,612
158744,640,424
158945,478,640
158956,640,425
159112,640,450
159282,640,426
159311,500,333
159399,640,480
159458,640,480
159684,640,388
159791,500,375
159977,640,424
160012,640,461
160556,640,428
160666,640,480
160728,640,426
160772,640,512
160864,640,389
161008,640,480
161032,640,480
161044,640,229
161128,375,500
161397,640,480
161609,640,480
161642,480,640
161781,640,428
161799,640,427
161820,428,640
161861,500,375
161875,640,422
161879,640,569
161925,480,640
161978,640,433
162035,500,375
162092,640,640
162130,640,480
162366,640,451
162415,536,640
162543,640,360
162581,480,640
162732,640,427
162858,428,640
163057,640,480
163117,376,500
163118,640,426
163155,640,427
163257,425,640
163258,640,480
163290,480,640
163314,500,331
163562,500,333
163611,640,480
163640,640,457
163682,427,640
163746,640,488
163951,427,640
164115,500,500
164363,640,604
164602,640,480
164637,480,640
164883,500,375
164885,640,427
164969,640,428
165039,640,427
165257,640,359
165336,640,480
165351,612,612
165500,640,480
165518,612,612
165681,640,444
165713,425,640
165831,640,480
166165,561,640
166166,500,375
166259,640,427
166277,480,640
166287,640,480
166391,640,427
166426,587,640
166478,640,426
166509,640,444
166521,640,426
166563,640,408
166642,640,480
166664,640,427
166747,375,500
166768,426,640
166918,480,640
167067,375,500
167122,640,480
167128,640,427
167159,500,375
167240,640,427
167353,480,640
167486,640,480
167540,640,427
167572,640,425
167898,640,480
167902,500,375
168330,640,390
168337,640,480
168458,425,640
168593,640,480
168619,640,480
168883,479,640
168974,375,500
169076,612,612
169169,640,480
169356,640,480
169996,640,480
170099,640,478
170116,640,480
170191,640,531
170278,640,504
170474,640,476
170545,640,480
170595,612,612
170613,439,640
170670,640,426
170739,640,514
170893,640,480
170955,640,427
171050,480,640
171190,640,480
171298,640,480
171382,640,426
171611,640,443
171740,640,480
171757,640,480
171788,427,640
172083,640,360
172330,640,480
172396,640,351
172547,640,480
172571,640,361
172595,640,360
172617,375,500
172648,640,480
172649,640,427
172856,640,480
172877,640,480
172935,488,364
172946,427,640
172977,640,486
173004,640,480
173008,640,480
173033,480,640
173044,359,640
173057,480,640
173091,612,612
173183,640,480
173302,640,425
173371,612,612
173383,640,425
173799,640,524
173830,593,640
174004,640,480
174018,500,351
174123,500,399
174231,375,500
174371,640,511
174482,640,388
175251,612,612
175364,614,461
175387,500,375
175438,640,468
175443,480,640
175535,478,640
176037,640,431
176232,480,640
176446,640,480
176606,640,480
176634,640,480
176701,640,480
176778,427,640
176799,640,426
176847,640,480
176857,500,375
176901,640,359
177015,640,480
177065,640,564
177213,640,359
177357,640,396
177383,425,640
177489,640,478
177539,640,427
177714,640,409
177861,480,640
177893,640,428
177934,640,480
177935,480,640
178028,375,500
178469,640,427
178618,446,640
178744,640,428
178982,640,427
179112,500,375
179141,640,480
179174,428,640
179214,428,640
179265,640,426
179285,428,640
179392,480,640
179487,512,640
179642,640,427
179653,640,480
179765,640,480
179898,640,480
180011,480,640
180101,640,480
180135,333,500
180188,640,480
180296,640,360
180383,640,480
180487,640,427
180560,640,426
180751,640,480
180792,375,500
180798,375,500
180878,640,427
181303,640,358
181421,640,446
181499,640,513
181542,640,600
181666,640,425
181753,640,423
181796,640,360
181816,640,480
181859,426,640
181969,573,640
182021,640,360
182155,640,426
182162,640,425
182202,640,385
182417,640,480
182441,640,399
182611,480,640
182805,640,360
182923,375,500
183049,427,640
183104,640,476
183127,640,428
183246,500,400
183391,632,640
183437,427,640
183500,640,430
183648,640,428
183675,640,412
183709,480,640
183716,353,500
183965,640,480
184321,640,480
184324,640,425
184338,640,427
184384,640,480
184400,640,480
184611,640,480
184762,500,375
184791,640,500
184978,480,640
185157,426,640
185250,399,640
185292,421,640
185409,640,424
185472,640,480
185473,640,194
185599,640,480
185802,480,640
185890,509,640
185950,337,500
186042,640,360
186282,640,427
186296,640,480
186345,640,431
186422,640,427
186449,436,640
186624,640,553
186632,480,640
186637,640,425
186873,612,612
186929,333,500
186938,640,427
186980,457,640
187055,425,640
187144,640,480
187236,640,480
187243,480,640
187249,640,480
187271,480,640
187362,640,425
187513,427,640
187585,640,436
187734,640,480
187745,640,480
187990,500,375
188296,640,609
188439,640,408
188465,640,454
188592,480,640
188689,333,500
188906,500,364
189078,500,334
189213,500,375
189226,640,427
189310,640,480
189436,480,640
189451,640,427
189475,500,375
189698,640,428
189752,640,480
189775,640,480
189806,500,400
189820,640,427
189828,612,612
190007,640,381
190140,640,428
190236,640,393
190307,540,640
190637,428,640
190648,640,480
190676,640,264
190753,640,478
190756,640,480
190841,640,427
190853,383,640
190923,375,500
191013,474,640
191288,600,400
191471,640,480
191580,478,640
191614,612,612
191672,640,428
191761,500,375
191845,640,361
192047,480,640
192191,480,640
192607,640,425
192670,640,433
192699,640,457
192716,518,640
192871,640,427
192904,640,436
192964,428,640
193162,640,428
193181,426,640
193245,500,375
193348,426,640
193429,640,428
193494,426,640
193674,640,480
193717,521,640
193743,427,640
193884,640,480
193926,640,477
194216,640,294
194471,334,500
194506,640,498
194716,640,427
194724,640,480
194746,500,375
194832,640,425
194875,640,574
194940,500,375
195045,640,480
195165,640,478
195754,640,425
195842,640,480
195918,640,428
196009,640,480
196141,640,429
196185,640,427
196442,640,427
196754,375,500
196759,640,480
196843,640,480
197004,640,427
197022,640,478
197388,640,392
197528,480,640
197658,582,640
197796,640,478
197870,640,425
198489,428,640
198510,640,640
198641,640,479
198805,640,398
198915,640,404
198928,480,640
198960,640,425
199055,480,640
199236,640,424
199310,427,640
199395,427,640
199442,640,433
199551,640,428
199681,640,480
199771,640,425
199977,480,640
200152,640,427
200162,640,425
200252,500,375
200421,640,480
200667,640,425
200839,640,480
200961,640,427
201025,400,604
201072,411,640
201148,640,359
201418,500,375
201426,640,490
201646,640,427
201676,640,480
201775,500,382
201934,500,375
202001,500,461
202228,480,640
202339,480,640
202445,612,612
203095,640,480
203294,640,480
203317,500,423
203389,640,480
203488,640,480
203546,640,457
203580,640,427
203629,640,427
203639,486,640
203864,640,491
203931,428,640
204186,640,513
204329,425,640
204871,612,612
205105,640,428
205282,640,480
205289,640,451
205324,640,425
205333,640,164
205401,640,408
205514,640,426
205542,480,640
205647,640,427
205776,640,425
205834,640,428
206025,424,640
206027,640,480
206135,332,500
206218,640,480
206271,323,640
206411,640,480
206487,640,480
206579,640,480
206831,640,427
206838,640,480
206994,640,427
207306,375,500
207538,500,375
207585,640,480
207728,640,373
207844,640,480
208208,640,480
208363,640,480
208423,640,480
208901,640,427
209142,640,425
209222,640,427
209530,640,428
209613,640,427
209747,500,350
209753,467,640
209757,426,640
209829,640,480
209972,640,299
210030,500,400
210032,640,401
210099,640,538
210230,640,457
210273,640,428
210299,640,480
210388,640,426
210394,640,480
210502,640,480
210520,612,612
210708,500,333
210789,369,520
210855,640,427
210915,640,480
211042,458,640
211069,640,480
211120,640,379
211674,640,406
211825,640,480
212072,500,375
212166,612,612
212226,500,335
212453,480,640
212559,640,528
212573,640,559
212800,640,427
212895,480,640
213033,480,640
213035,640,427
213086,375,500
213171,375,500
213224,427,640
213255,480,640
213422,640,428
213445,408,500
213547,480,640
213593,640,426
213605,480,640
213816,640,480
213830,640,427
213935,640,425
214192,640,436
214200,427,640
214205,640,439
214224,640,427
214539,640,427
214703,427,640
214720,375,500
214753,640,424
214869,640,480
215072,640,451
215114,548,640
215245,640,480
215259,336,500
215644,640,480
215723,640,480
215778,640,427
216277,640,480
216296,640,427
216419,640,467
216497,640,480
216516,480,640
216636,640,427
216739,640,427
217060,640,440
217219,640,359
217285,640,427
217400,640,480
217425,640,480
217614,480,640
217753,640,480
217872,334,500
217948,640,425
217957,480,640
218091,640,429
218249,640,427
218362,640,426
218424,640,480
218439,480,640
218997,640,622
219271,350,500
219283,500,500
219440,640,426
219485,422,640
219578,640,427
220310,333,500
220584,640,427
220732,640,480
220764,640,427
220858,500,367
221017,640,480
221155,640,512
221213,640,480
221281,359,640
221291,335,500
221502,640,320
221693,640,426
221708,480,640
221754,640,427
221872,640,427
222094,500,375
222118,640,427
222235,640,427
222299,500,375
222317,640,480
222455,612,612
222458,640,424
222559,640,426
222735,474,640
222825,427,640
222863,640,427
222991,480,640
223090,640,480
223130,425,640
223182,640,538
223188,427,640
223738,634,640
223747,500,370
223789,346,500
223955,500,333
223959,480,640
224051,640,428
224093,640,316
224119,640,425
224200,640,640
224222,640,426
224337,640,427
224664,640,480
224675,400,300
224724,480,640
224807,640,428
225184,457,640
225405,640,471
225532,500,375
225670,640,427
225757,500,367
225946,640,463
226058,640,480
226111,480,640
226130,640,426
226147,480,640
226154,640,507
226171,640,480
226408,640,469
226417,500,333
226592,640,480
226662,640,453
226802,640,360
226883,640,480
226903,640,480
226984,640,427
227044,640,480
227187,640,480
227399,640,482
227478,640,480
227482,640,480
227491,640,480
227511,500,375
227686,427,640
227765,640,480
227898,640,424
227985,640,480
228144,640,426
228214,429,640
228436,640,485
228771,640,427
228942,640,319
228981,640,480
229111,375,500
229216,640,426
229221,640,427
229311,500,375
229358,640,423
229553,640,488
229601,640,427
229659,640,480
229747,640,541
229753,640,427
229849,427,640
229858,640,555
229948,640,428
229997,640,427
230008,640,360
230166,640,428
230362,640,478
230450,640,480
230819,640,432
230983,430,640
230993,640,408
231088,425,640
231097,640,480
231125,375,500
231169,640,454
231237,334,500
231339,480,640
231508,335,500
231527,427,640
231549,640,480
231580,640,480
231747,640,400
231822,500,361
231831,481,640
231879,640,426
232088,640,480
232244,500,375
232348,640,502
232489,640,640
232538,640,480
232563,480,640
232646,640,512
232649,375,500
232684,640,427
232692,640,425
233033,640,480
233139,640,427
233238,480,640
233370,427,640
233567,480,640
233727,640,427
233771,640,640
233825,640,480
234366,480,640
234413,640,480
234526,612,612
234607,375,500
234660,640,480
234757,640,480
234779,640,427
234807,640,462
235057,480,640
235064,640,480
235241,640,427
235252,640,427
235399,500,375
235778,640,337
235784,640,459
235836,427,640
235857,640,426
236166,426,640
236308,640,368
236412,640,480
236426,640,429
236592,640,480
236599,500,346
236690,640,399
236721,640,480
236730,480,640
236784,500,400
236845,495,640
236914,640,449
237071,640,427
237118,580,640
237316,375,500
237517,478,640
237864,640,425
237928,457,640
237984,640,427
238013,500,334
238039,480,640
238410,640,480
238866,640,439
239041,640,427
239274,581,640
239318,375,500
239347,640,480
239537,640,436
239627,640,427
239717,554,640
239773,500,344
239843,500,375
239857,500,333
240023,480,640
240049,426,640
240250,612,612
240754,640,427
240767,500,375
240940,357,500
241297,640,428
241319,640,476
241326,500,375
241602,640,427
241668,460,640
241677,640,480
242060,640,459
242287,426,640
242411,424,640
242678,640,481
242724,640,480
242934,500,227
242946,640,480
243034,427,640
243075,640,573
243148,640,360
243199,500,333
243204,480,640
243344,480,640
243495,375,500
243626,385,289
243867,640,428
243989,500,438
244019,640,431
244099,640,428
244181,640,480
244379,640,464
244411,640,480
244496,276,500
244592,500,374
244750,393,500
244833,640,428
245026,640,424
245102,640,427
245173,480,640
245311,612,612
245320,424,640
245448,640,480
245513,500,381
245576,640,472
245651,375,500
245764,640,480
245915,500,333
246308,480,640
246436,480,640
246454,640,640
246522,427,640
246883,640,480
246963,640,420
246968,640,428
247806,640,480
247838,640,425
247917,612,612
248111,640,427
248112,640,480
248284,427,640
248314,640,480
248334,500,375
248400,640,427
248616,640,427
248631,640,480
248752,500,375
248810,375,500
248980,500,375
249025,394,500
249129,640,427
249180,640,427
249219,640,479
249550,415,625
249643,640,461
249786,640,428
250127,640,640
250137,480,640
250205,640,457
250282,640,426
250619,640,481
250758,640,480
250766,500,410
250901,640,426
251065,480,640
251119,500,375
251140,375,500
251537,640,640
251572,640,426
251824,500,375
252216,640,458
252219,640,428
252294,375,500
252332,640,480
252507,375,500
252559,480,640
252701,640,378
252716,426,640
252776,418,640
253002,640,427
253386,500,333
253433,640,480
253452,640,426
253695,427,640
253742,640,480
253819,640,427
253835,640,480
254016,480,640
254368,392,640
254516,640,427
254814,640,480
255165,640,480
255401,416,500
255483,452,500
255536,400,400
255664,500,375
255718,480,640
255747,640,480
255749,640,424
255824,640,478
255912,640,359
255917,640,427
255965,640,427
256192,640,480
256195,640,427
256407,480,640
256518,640,426
256775,640,480
256868,640,428
256916,640,480
256941,332,500
257084,500,333
257169,480,640
257370,640,480
257478,500,398
257566,640,480
257624,424,640
257865,640,426
257896,480,640
258388,640,425
258541,336,448
258793,640,476
258883,426,640
258911,640,426
259097,500,333
259382,640,480
259571,500,281
259597,640,312
259625,640,427
259640,640,427
259690,640,480
259830,425,640
259854,640,480
260105,640,480
260106,400,600
260261,426,640
260266,479,640
260470,640,427
260657,500,269
260925,640,480
261036,333,500
261061,500,334
261097,333,500
261116,500,375
261161,640,426
261318,427,640
261535,433,640
261706,480,640
261712,640,476
261732,640,438
261796,523,640
261888,640,426
261982,457,640
262048,612,612
262227,474,640
262440,400,640
262487,640,480
262587,640,480
262631,480,640
262682,427,640
262895,334,500
262938,640,480
263068,330,500
263299,500,335
263403,638,394
263425,640,428
263463,640,427
263474,479,640
263594,500,381
263644,473,640
263679,640,428
263796,480,640
263860,640,426
263966,640,424
263969,640,610
264335,480,640
264441,375,500
264535,612,612
264968,334,500
265108,427,640
265518,612,612
265777,612,612
265816,640,406
266082,375,500
266206,427,640
266400,640,396
266409,640,480
266768,612,612
266892,640,427
266981,426,640
267169,640,428
267191,640,480
267300,640,480
267351,640,426
267434,640,480
267537,640,470
267670,450,600
267903,640,426
267933,500,328
267940,640,480
267946,500,332
268000,640,360
268375,640,424
268378,640,359
268729,640,480
268831,256,200
268996,500,375
269113,640,457
269121,480,640
269196,640,427
269314,640,480
269316,640,428
269632,640,427
269682,640,480
269866,640,427
269932,375,500
269942,480,640
270066,640,480
270122,640,427
270244,640,428
270297,640,427
270386,500,375
270402,640,426
270474,500,375
270677,634,640
270705,475,640
270883,640,393
270908,500,299
271116,640,424
271402,424,640
271457,500,333
271471,640,428
271728,640,427
271997,488,640
272049,640,427
272136,640,428
272148,640,378
272212,640,480
272364,428,640
272416,640,480
272566,640,451
273132,640,633
273198,500,375
273232,640,425
273420,500,400
273493,500,333
273551,640,457
273617,640,427
273642,375,500
273711,640,480
273712,480,640
273715,500,373
273760,467,640
274066,640,427
274219,464,640
274272,640,480
274411,426,640
274460,640,454
274687,640,480
274708,612,612
275058,427,640
275198,640,480
275392,480,640
275727,640,475
275749,500,375
275791,640,427
276018,416,640
276024,640,480
276055,500,375
276284,500,640
276285,427,640
276434,640,427
276707,640,480
276720,640,480
276804,512,640
276921,469,640
277005,640,426
277020,640,360
277051,640,427
277197,600,416
277584,640,480
277689,640,424
278006,640,427
278353,596,640
278463,640,480
278705,640,480
278749,500,333
278848,480,640
278973,640,426
279145,640,480
279278,640,429
279541,478,640
279714,425,640
279730,500,333
279769,640,480
279774,415,500
279887,640,427
279927,640,442
280325,500,377
280710,640,480
280779,640,501
280891,427,640
280918,640,480
280930,640,425
281032,640,427
281179,640,480
281409,640,427
281414,443,640
281447,640,421
281687,500,375
281693,640,481
281754,419,640
281759,640,427
281929,640,504
282037,640,449
282046,500,298
282296,480,640
282298,640,480
282912,480,640
283037,427,640
283038,500,281
283070,640,428
283113,480,640
283268,640,427
283318,640,427
283412,640,427
283520,640,426
283717,640,480
283785,500,336
284106,640,421
284279,640,512
284282,500,333
284296,640,427
284445,640,594
284623,640,480
284698,375,500
284725,640,427
284743,640,425
284762,640,426
284764,640,427
284991,640,428
285047,427,640
285349,500,375
285788,640,481
285894,500,329
286182,478,640
286422,640,425
286458,455,310
286503,640,427
286507,640,434
286523,640,514
286553,640,480
286660,371,500
286708,640,481
286849,333,500
286907,480,640
286908,640,640
286994,640,480
287291,500,375
287347,478,640
287527,640,640
287545,640,480
287649,640,480
287667,640,480
287714,640,480
287874,640,434
287959,640,480
288042,640,480
288062,519,640
288391,427,640
288430,500,375
288584,640,427
288685,640,436
288762,640,425
288862,427,640
288882,640,359
289059,640,480
289222,640,480
289229,362,500
289343,529,640
289393,640,480
289415,640,428
289417,500,375
289516,304,640
289586,426,640
289594,519,640
289659,640,426
289702,640,427
289741,640,480
289938,640,426
289960,640,480
289992,640,424
290081,612,612
290163,512,640
290179,640,426
290248,640,480
290293,640,326
290592,640,426
290619,640,480
290768,612,612
290771,640,477
290833,640,427
290843,428,640
291490,640,393
291551,428,640
291619,640,427
291634,433,640
291664,588,640
291791,640,499
291861,640,426
292005,480,640
292024,612,612
292060,428,640
292082,640,640
292155,640,480
292225,320,240
292236,332,500
292330,640,512
292415,333,500
292446,612,612
292456,500,375
292488,640,426
292908,384,640
292997,640,480
293044,288,160
293071,335,500
293200,640,427
293245,640,480
293300,640,427
293324,640,406
293390,640,480
293474,500,333
293625,640,480
293794,428,640
293804,500,333
293858,500,451
294162,480,640
294163,429,640
294350,640,425
294695,640,427
294783,640,428
294831,640,361
294855,500,375
295138,640,423
295231,480,640
295316,640,480
295420,640,480
295478,512,640
295713,640,427
295797,427,640
295809,640,512
296222,640,480
296224,640,480
296231,640,480
296284,270,360
296317,640,480
296634,640,453
296649,640,427
296657,640,427
296969,640,427
297022,640,504
297084,612,612
297085,500,375
297147,640,480
297343,640,432
297353,640,640
297396,500,375
297427,580,640
297562,640,480
297578,500,281
297595,640,427
297681,640,433
297698,640,441
297830,512,640
298251,640,159
298396,640,480
298697,640,480
298738,427,640
298904,480,640
298994,640,428
299355,500,375
299553,375,500
299609,640,480
299720,640,427
299887,640,480
300039,500,374
300155,640,427
300233,640,489
300276,640,359
300341,640,427
300659,640,360
300842,640,426
300913,500,375
301061,480,640
301135,428,640
301376,333,500
301421,640,427
301563,640,428
301718,480,640
301867,640,480
301981,640,480
302030,640,359
302107,427,640
302165,640,480
302452,403,403
302536,500,375
302760,500,375
302882,500,400
302990,640,427
303305,640,480
303499,333,500
303566,640,426
303653,640,426
303713,427,640
303818,480,640
303863,640,431
303893,640,427
303908,640,427
304180,640,418
304291,640,427
304365,640,427
304396,425,640
304404,640,428
304545,640,522
304560,640,425
304812,428,640
304817,640,480
304984,385,289
305309,640,406
305317,334,500
305343,640,427
305609,612,612
305695,640,480
306136,428,640
306139,640,426
306437,426,640
306582,640,480
306700,480,640
306733,640,426
306893,500,368
307074,500,333
307145,396,297
307172,640,425
307598,640,426
307658,589,640
308165,425,640
308193,480,640
308328,640,480
308391,500,338
308394,640,428
308430,640,480
308466,640,480
308476,640,480
308531,359,640
308545,640,427
308587,480,640
308631,640,426
308753,640,480
308793,640,480
308799,375,500
309173,335,500
309391,640,384
309452,640,480
309467,640,326
309484,533,640
309495,326,500
309655,640,480
309678,640,411
309938,640,480
309964,640,427
310072,640,383
310200,640,480
310622,640,428
310862,612,612
310980,640,427
311002,640,427
311081,480,640
311180,480,640
311190,375,500
311295,640,427
311303,640,427
311392,640,427
311394,480,640
311518,640,427
311789,640,427
311883,640,289
311909,640,496
311928,640,398
311950,448,640
312192,640,480
312213,640,480
312237,500,334
312263,527,640
312278,640,293
312340,640,425
312406,640,480
312421,640,427
312489,500,333
312549,640,480
312552,400,300
312586,640,428
312720,640,427
313034,640,480
313130,640,480
313182,640,424
313454,640,388
313562,640,480
313588,480,640
313783,500,375
314034,640,480
314177,481,640
314182,375,500
314251,640,480
314264,480,640
314294,640,360
314541,640,425
314709,640,426
314914,480,640
315001,640,639
315187,640,448
315219,333,500
315257,640,514
315450,640,428
315492,612,612
316015,500,400
316054,640,438
316404,640,445
316666,640,480
317024,640,480
317433,640,427
317999,612,612
318080,640,480
318114,385,308
318138,480,640
318238,478,640
318455,640,480
318908,500,333
319100,500,333
319184,500,294
319369,640,432
319534,640,480
319607,640,640
319617,320,240
319696,500,333
319721,480,640
319935,640,398
320232,375,500
320425,640,480
320490,640,426
320554,500,375
320632,640,480
320642,500,321
320664,640,480
320696,640,427
320706,480,640
320743,640,360
321118,640,426
321214,640,480
321333,640,397
321557,547,640
321790,640,427
321887,640,424
322163,640,480
322211,640,480
322352,500,375
322429,472,640
322574,640,480
322610,640,480
322724,640,425
322829,640,427
322844,480,640
322864,427,640
322895,640,480
322944,457,640
322959,612,612
322968,480,640
323151,480,640
323202,480,640
323263,640,447
323355,480,640
323496,500,398
323571,478,640
323709,640,320
323751,640,424
323799,640,480
323828,427,640
323895,640,480
324158,500,334
324258,640,480
324614,640,427
324715,500,333
324818,640,426
324927,480,640
325031,640,608
325114,640,480
325306,640,480
325347,640,359
325483,640,480
325527,500,374
325838,640,480
325991,500,334
326082,640,426
326128,480,640
326174,640,480
326248,640,427
326462,612,612
326541,640,360
326542,640,480
326627,640,480
326970,640,480
327306,640,400
327592,640,361
327601,333,500
327605,640,480
327617,379,640
327701,640,428
327769,640,424
327780,640,480
327890,640,480
328030,425,640
328117,480,640
328238,640,426
328286,640,424
328337,640,427
328430,433,640
328601,396,640
328683,480,640
328959,308,500
329041,480,640
329080,640,480
329219,640,427
329319,428,640
329323,425,640
329447,640,505
329455,640,480
329456,640,427
329542,612,612
329614,500,208
329827,640,427
330369,500,335
330396,500,375
330554,500,375
330790,640,426
330818,426,640
331075,640,606
331280,500,366
331317,640,484
331352,351,500
331569,612,612
331604,640,427
331799,640,464
331817,640,480
332318,640,429
332351,640,426
332455,425,640
332570,390,500
332845,640,480
332901,640,395
333069,428,640
333237,640,409
333402,640,425
333697,426,640
333745,427,640
333772,500,375
333956,428,640
334006,640,426
334309,640,427
334371,640,419
334399,640,480
334417,640,423
334483,480,640
334521,500,375
334530,640,459
334555,640,426
334719,640,413
334767,500,333
334977,640,320
335081,640,427
335177,640,479
335328,512,640
335427,640,448
335450,640,428
335529,640,480
335658,640,480
335800,640,427
335954,612,612
336053,640,480
336209,640,432
336232,640,427
336265,480,640
336309,640,427
336356,427,640
336587,640,480
336628,428,640
336658,640,428
337055,640,427
337498,640,480
337987,640,480
338191,635,640
338219,640,566
338304,425,640
338325,640,428
338428,640,366
338532,375,500
338560,480,640
338624,640,360
338625,640,480
338718,500,445
338901,640,480
338905,480,360
338986,403,640
339442,523,640
339823,484,640
339870,640,424
340015,640,480
340175,640,394
340272,640,360
340451,640,424
340697,500,333
340894,640,480
340930,640,480
341058,359,640
341094,500,375
341196,640,451
341469,457,640
341681,640,427
341719,640,480
341828,612,612
341921,640,478
341973,500,375
342006,480,640
342128,488,640
342186,480,640
342295,333,500
342367,640,480
342397,640,427
342971,287,640
343076,480,640
343149,480,640
343218,640,428
343315,640,478
343453,640,480
343466,320,240
343496,640,393
343524,640,447
343561,640,428
343706,640,496
343803,427,640
343934,640,480
343937,640,428
343976,500,375
344029,640,480
344059,640,427
344100,640,427
344268,640,512
344611,640,426
344614,478,640
344621,500,333
344795,640,361
344816,640,427
344888,640,416
344909,480,640
345027,640,403
345252,640,479
345261,585,640
345356,640,480
345361,500,358
345385,640,480
345397,500,375
345466,500,375
345469,480,640
345941,640,640
346232,427,640
346638,640,480
346703,550,640
346707,333,500
346905,640,426
346968,640,426
347163,640,427
347174,427,640
347254,375,500
347265,427,640
347335,480,640
347370,500,375
347456,640,309
347544,640,480
347664,640,427
347693,640,427
347930,640,480
348012,640,428
348045,588,640
348216,480,640
348243,427,640
348481,640,480
348488,640,480
348708,383,640
348881,640,462
349152,480,640
349184,428,640
349302,640,427
349480,640,450
349594,424,500
349678,427,640
349837,500,333
349860,640,426
350002,427,640
350003,640,480
350019,426,640
350023,640,480
350054,500,375
350122,640,480
350148,480,640
350388,480,640
350405,500,333
350488,640,427
350607,640,427
350679,640,428
350833,640,480
351096,500,375
351331,640,480
351362,426,640
351530,640,378
351559,640,343
351589,640,427
351609,500,333
351810,500,375
351823,508,640
352491,640,480
352582,425,640
352584,375,500
352618,640,426
352684,424,640
352760,544,640
352900,640,427
353027,640,424
353051,640,426
353096,500,344
353180,640,420
353518,640,414
353970,640,426
354072,359,640
354307,500,375
354547,427,640
354753,640,480
354829,500,375
355169,640,480
355240,640,360
355257,640,427
355325,478,640
355610,640,427
355677,640,480
355817,640,480
355905,640,480
356094,640,389
356125,640,480
356169,640,480
356248,478,640
356261,640,480
356347,640,480
356387,500,335
356424,480,640
356427,640,427
356428,500,281
356432,640,416
356498,500,350
356505,640,425
356531,640,480
356612,640,416
356968,640,480
357060,640,425
357081,640,427
357238,427,640
357430,640,427
357459,640,427
357501,640,480
357567,480,640
357737,640,480
357742,429,640
357748,640,480
357816,500,455
357888,640,480
357903,480,640
357941,500,375
357978,500,375
358195,483,640
358427,640,427
358525,640,480
358923,640,428
359135,640,427
359219,640,480
359540,640,427
359677,427,640
359781,640,494
359833,480,640
359855,640,510
359937,640,480
360097,500,333
360137,640,640
360325,640,428
360393,640,427
360564,640,427
360661,640,480
360943,501,640
360951,640,427
360960,426,640
361103,640,427
361142,463,640
361147,417,640
361180,640,426
361238,640,480
361268,640,480
361506,640,480
361551,480,640
361571,640,425
361586,640,360
361621,640,427
361730,640,480
361919,640,425
362434,500,375
362520,424,640
362682,640,427
362716,640,427
363072,640,640
363188,640,425
363207,640,480
363461,640,478
363666,640,419
363784,640,480
363840,640,480
363875,558,640
364102,640,398
364126,640,426
364166,500,375
364297,640,428
364322,640,480
364557,640,427
364587,640,422
364636,640,533
364884,500,354
365095,640,427
365098,640,427
365207,640,588
365208,603,640
365385,640,427
365387,640,425
365521,428,640
365642,426,640
365655,640,427
365745,640,480
365766,640,480
365886,500,375
366141,640,480
366178,375,500
366199,640,427
366225,541,640
366611,640,478
366711,427,640
366884,640,480
367082,488,500
367095,640,427
367195,500,312
367228,333,500
367386,640,480
367569,469,640
367680,450,338
367818,640,427
368038,640,317
368212,478,640
368294,640,426
368335,411,640
368456,640,480
368684,640,480
368752,480,640
368900,640,480
368940,640,480
368961,640,480
368982,640,480
369037,425,640
369081,640,426
369310,395,640
369323,377,500
369370,640,480
369442,640,480
369503,500,375
369541,375,500
369675,640,429
369751,426,640
369757,640,480
369771,640,480
369812,640,637
370042,640,356
370208,500,375
370270,480,640
370375,427,640
370478,640,480
370486,421,640
370677,500,332
370711,640,480
370813,540,640
370818,472,640
370900,640,478
370999,640,480
371042,640,428
371472,480,640
371529,512,640
371552,640,427
371677,640,480
371699,480,640
371749,500,375
372203,640,360
372260,427,640
372307,640,428
372317,640,428
372349,640,437
372466,640,360
372577,480,640
372718,640,638
372819,640,426
373315,477,640
373353,640,428
373382,480,640
373705,640,427
374052,640,427
374083,426,640
374369,640,480
374545,549,640
374551,500,300
374727,640,426
374982,375,500
375015,640,404
375078,480,640
375278,333,500
375430,640,427
375469,640,181
375493,640,480
375763,640,480
376093,640,480
376112,426,640
376206,640,427
376264,640,481
376278,640,427
376284,500,333
376307,375,500
376310,640,480
376322,478,640
376365,500,375
376442,480,640
376478,480,640
376625,640,427
376856,480,640
376900,480,640
377000,527,640
377113,640,427
377239,640,427
377368,640,481
377393,640,480
377486,640,427
377497,432,640
377575,426,640
377588,640,427
377635,640,427
377670,487,640
377723,640,427
377814,640,480
377882,640,480
377946,640,426
378099,640,337
378116,640,454
378139,640,427
378244,427,640
378284,640,427
378453,500,346
378454,427,640
378515,425,640
378605,426,640
378673,640,426
378873,640,426
379332,500,334
379441,640,480
379453,442,442
379476,485,640
379533,476,640
379800,640,493
379842,640,360
380203,429,640
380706,640,426
380711,612,612
380913,640,428
381360,640,425
381587,428,640
381639,584,640
381971,640,427
382009,640,427
382030,500,375
382088,640,426
382111,640,427
382122,424,640
382125,640,480
382696,640,480
382734,480,640
382743,640,480
383289,640,444
383337,640,480
383339,640,428
383384,640,360
383386,640,480
383443,640,427
383606,640,480
383621,640,427
383676,640,480
383838,640,588
383842,640,434
383921,640,480
384136,640,414
384350,640,480
384468,640,480
384513,640,480
384527,640,480
384616,640,480
384651,640,436
384661,500,375
384666,500,332
384670,640,480
384808,375,500
384850,480,640
384949,640,457
385029,640,480
385190,500,375
385205,640,480
385719,640,421
385997,640,480
386134,612,612
386210,478,640
386277,640,428
386352,640,427
386457,426,640
386879,426,640
386912,640,480
387098,640,480
387148,640,425
387383,640,480
387387,640,480
387916,640,423
388056,500,332
388215,640,425
388258,640,478
388846,640,427
388903,500,332
388927,480,640
389109,427,640
389197,640,426
389315,640,640
389316,640,361
389381,640,543
389451,640,479
389532,640,421
389566,640,427
389684,640,480
389804,640,425
389812,640,480
389933,640,480
390246,640,427
390301,500,364
390555,640,435
390826,640,480
390902,333,500
391140,640,480
391144,640,427
391290,640,426
391375,640,459
391648,480,640
391722,635,640
392228,480,640
392481,640,427
392722,640,423
392818,500,451
392933,383,640
393014,640,480
393056,640,480
393093,640,424
393115,630,640
393226,640,480
393282,640,640
393469,480,640
393569,640,480
393838,640,427
394199,640,480
394206,640,480
394275,640,393
394328,480,640
394510,640,480
394559,426,640
394611,640,480
394677,500,375
394940,426,640
395180,640,481
395343,640,480
395388,480,640
395575,500,339
395633,640,480
395701,640,480
395801,640,480
395903,640,360
396200,640,427
396205,425,640
396274,640,480
396338,640,427
396518,500,375
396526,500,338
396568,640,424
396580,640,430
396729,640,425
396863,640,426
396903,640,427
397133,640,427
397279,640,427
397303,640,480
397327,640,427
397351,640,426
397354,640,480
397639,640,480
397681,640,640
398028,428,640
398203,640,427
398237,640,480
398377,500,375
398438,500,333
398652,640,427
398742,427,640
398810,500,500
398905,640,427
399205,640,480
399296,640,480
399462,300,451
399560,640,478
399655,500,375
399764,427,640
400044,483,640
400082,500,283
400161,640,480
400367,500,333
400573,480,640
400794,426,640
400803,640,427
400815,640,427
400922,640,480
401244,426,640
401250,640,332
401446,640,480
401862,640,480
401991,640,379
402096,480,640
402118,640,428
402334,427,640
402346,640,480
402433,640,426
402473,640,480
402519,640,427
402615,640,427
402720,612,612
402765,500,375
402774,425,640
402783,640,480
402992,640,480
403122,427,640
403353,640,480
403385,640,511
403565,447,640
403584,640,640
403817,500,375
404128,640,427
404191,375,500
404249,427,640
404479,640,427
404484,320,240
404534,386,500
404568,640,480
404601,480,640
404678,640,425
404805,640,427
404839,427,640
404922,368,500
404923,640,480
405195,640,480
405205,550,410
405249,500,375
405279,640,480
405306,640,417
405432,500,375
405691,640,427
405970,640,427
405972,640,426
406129,428,640
406417,568,640
406570,427,640
406611,640,480
406997,640,480
407002,480,640
407083,480,640
407298,640,480
407403,346,500
407518,640,427
407524,640,480
407574,478,640
407614,640,426
407646,500,400
407650,640,428
407825,499,500
407868,640,480
407943,640,427
407960,640,426
408112,640,480
408120,640,427
408696,640,480
408774,500,333
408830,640,427
409198,640,427
409211,640,427
409268,511,640
409358,612,612
409424,480,640
409475,640,480
409542,428,640
409630,500,375
409867,428,640
410221,622,640
410428,640,427
410456,640,480
410487,427,640
410496,427,640
410510,640,445
410612,500,334
410650,640,480
410712,640,426
410735,640,512
410878,640,427
410880,500,375
410934,640,480
411530,640,480
411665,640,427
411754,320,240
411774,375,500
411817,640,480
411938,640,427
411953,500,375
412240,500,375
412286,333,500
412362,640,499
412531,640,480
412887,483,640
412894,427,640
413247,640,426
413395,640,421
413404,640,427
413552,426,640
413689,640,426
414034,640,480
414133,640,480
414170,425,640
414261,640,427
414340,427,640
414385,640,480
414510,480,640
414638,612,612
414673,500,332
414676,423,640
414795,640,480
415194,640,480
415238,640,474
415536,640,480
415716,640,480
415727,640,480
415741,640,360
415748,426,640
415882,544,640
415990,500,375
416104,640,480
416170,424,640
416256,500,375
416269,640,428
416330,640,480
416343,427,640
416451,640,480
416534,640,355
416745,612,612
416758,640,480
416837,640,427
416885,500,375
416991,640,329
417043,640,480
417085,640,360
417249,480,640
417285,640,320
417465,640,425
417608,640,426
417632,640,480
417779,640,480
417876,500,375
417911,640,429
418062,427,640
418281,640,427
418696,640,427
418959,640,427
418961,640,427
419096,612,612
419098,640,554
419201,640,425
419312,375,500
419379,427,640
419408,640,429
419601,500,329
419653,640,480
419882,612,612
419974,426,640
420069,640,457
420230,427,640
420281,480,640
420472,640,373
420840,640,424
420916,640,400
421060,640,418
421455,500,375
421757,640,480
421834,640,457
421923,426,640
422670,640,427
422706,640,427
422836,320,240
422886,640,640
422998,640,427
423104,427,640
423123,640,426
423229,640,423
423506,375,500
423519,460,640
423617,640,480
423798,640,320
423944,448,640
423971,640,425
424135,480,640
424162,640,512
424349,640,426
424521,314,500
424545,500,375
424551,640,480
424642,500,375
424721,500,375
424776,640,426
424975,640,480
425221,480,640
425226,480,640
425227,428,640
425361,640,491
425390,500,375
425702,640,316
425906,463,640
425925,640,468
426166,500,332
426203,426,640
426241,500,375
426253,640,427
426268,640,427
426297,640,425
426329,640,428
426372,640,427
426376,467,640
426795,640,480
426836,640,640
427034,640,480
427055,640,480
427077,344,500
427160,640,512
427256,640,512
427338,640,396
427500,428,640
427649,480,640
427655,427,640
427997,640,428
428111,640,429
428218,640,480
428280,500,333
428454,500,333
428562,640,480
428867,500,333
429011,640,343
429109,640,427
429281,480,640
429530,640,478
429598,640,480
429623,640,480
429690,640,427
429718,640,640
429761,640,428
430048,500,375
430056,500,375
430073,640,480
430286,640,473
430377,439,640
430871,640,428
430875,500,375
430961,450,319
430973,640,478
431140,640,480
431545,500,334
431568,640,426
431693,640,426
431727,640,427
431848,378,640
431876,425,640
431896,640,428
432085,500,375
432468,427,640
432553,427,640
432898,500,500
433103,640,425
433134,640,480
433192,500,375
433204,640,480
433243,640,424
433374,640,428
433515,640,480
433774,640,427
433915,640,480
433980,375,500
434204,500,333
434230,500,313
434247,640,482
434297,640,480
434459,640,457
434479,640,426
434548,640,480
434996,500,375
435003,640,427
435081,500,500
435205,500,333
435206,640,427
435208,480,640
435299,640,480
435880,640,480
436315,478,640
436551,640,438
436617,640,425
436738,500,486
436883,640,421
437110,480,640
437205,383,640
437239,640,425
437331,640,428
437351,399,500
437392,480,640
437514,640,556
437898,640,427
438017,480,640
438226,640,291
438269,429,640
438304,464,640
438774,640,425
438862,640,427
438876,500,333
438907,458,640
438955,640,303
439180,640,360
439290,640,427
439426,640,480
439522,428,640
439525,453,640
439593,640,480
439623,480,640
439715,640,480
439773,640,480
439854,500,333
439994,428,640
440171,411,640
440184,640,425
440336,500,335
440475,640,427
440507,500,375
440508,640,424
440617,640,480
441247,640,424
441286,640,493
441442,600,400
441468,426,640
441491,640,480
441543,640,403
441553,640,480
441586,640,425
442009,600,399
442161,500,375
442306,640,640
442323,640,480
442456,640,356
442463,480,640
442480,640,425
442661,640,480
442746,500,375
442822,640,427
442836,640,457
442993,427,640
443303,500,375
443426,480,640
443498,640,478
443844,640,429
443969,612,612
444142,427,640
444275,640,480
444879,640,479
445248,640,427
445365,427,640
445439,640,425
445602,640,480
445658,640,427
445675,480,640
445722,318,500
445792,500,375
445834,640,427
445846,640,427
445999,411,640
446005,500,333
446117,640,426
446206,640,385
446207,640,480
446522,480,640
446574,428,640
446651,640,426
446703,500,333
447088,500,333
447169,640,480
447187,640,480
447200,640,480
447313,640,480
447314,640,458
447342,640,416
447465,640,426
447522,640,480
447611,500,334
447789,640,427
447917,640,362
448076,640,480
448256,640,426
448263,320,240
448365,640,428
448410,640,437
448448,640,480
448810,500,375
449190,640,359
449198,500,333
449312,640,578
449406,500,333
449432,640,427
449579,640,427
449603,640,426
449661,640,169
449909,640,427
449996,640,428
450075,640,480
450100,480,640
450202,375,500
450303,640,480
450399,640,480
450439,500,234
450488,334,500
450559,427,640
450686,511,640
450758,640,479
451043,640,427
451084,426,640
451090,640,435
451144,640,480
451150,480,640
451155,640,480
451308,441,640
451435,640,385
451571,640,480
451693,640,480
451714,480,640
451879,500,438
452084,640,639
452122,640,427
452321,640,480
452515,224,500
452784,480,640
452793,640,427
452891,478,640
453001,640,480
453040,480,640
453166,640,425
453302,500,375
453341,640,480
453584,640,480
453634,480,640
453708,640,427
453722,640,427
453841,500,339
453860,640,428
453981,640,427
454067,500,406
454404,640,529
454661,640,427
454750,640,427
454798,640,425
454978,640,400
455085,427,640
455157,640,640
455219,640,426
455267,640,480
455301,640,481
455352,640,530
455448,478,640
455555,640,550
455597,640,446
455624,640,427
455716,640,433
455872,500,375
455937,640,480
455981,480,640
456015,640,427
456143,640,361
456292,480,640
456303,321,500
456394,220,176
456496,640,426
456559,640,480
456662,612,612
456865,640,427
457078,640,480
457262,612,612
457559,640,427
457848,640,427
457884,640,458
458045,500,375
458054,640,426
458109,640,480
458223,640,338
458255,640,428
458325,640,427
458410,640,480
458663,640,425
458702,427,640
458755,640,480
458768,640,427
458790,500,375
458992,480,640
459153,427,640
459195,500,375
459272,480,640
459396,612,612
459437,640,426
459467,640,423
459500,375,500
459634,640,533
459662,640,480
459757,640,480
459809,640,428
459887,480,640
459954,500,375
460147,640,424
460160,640,480
460229,383,640
460333,640,480
460347,427,640
460379,426,640
460494,640,426
460682,640,189
460683,478,640
460841,500,375
460927,640,360
460929,480,640
460967,604,640
461009,612,612
461036,500,332
461275,500,335
461405,640,427
461573,500,376
461751,640,569
462031,449,640
462371,500,401
462576,640,480
462614,640,484
462629,640,426
462643,425,640
462728,640,427
462756,640,426
462904,640,480
463037,640,427
463174,640,427
463199,640,480
463283,612,612
463522,640,480
463527,640,480
463542,640,426
463618,640,451
463647,640,480
463690,640,427
463730,640,427
463802,640,480
463842,640,480
463849,564,640
463918,500,359
464089,640,480
464144,426,640
464251,640,458
464358,640,427
464476,500,375
464522,494,640
464689,586,640
464786,640,428
464824,480,640
464872,640,427
465129,640,480
465179,374,500
465180,640,426
465430,640,513
465549,640,428
465585,427,640
465675,640,403
465718,640,429
465806,640,480
465822,500,375
465836,500,375
466085,480,640
466125,427,640
466156,500,375
466256,640,425
466339,359,640
466416,640,425
466567,480,640
466602,480,640
466835,480,640
466986,640,478
467176,640,428
467315,640,426
467511,416,640
467776,640,427
467848,640,480
468124,640,459
468233,600,399
468245,640,427
468332,640,424
468501,500,375
468505,640,480
468577,612,612
468632,640,479
468925,640,480
468954,640,427
468965,640,480
469067,640,480
469174,640,460
469192,640,480
469246,640,480
469652,640,439
469828,640,480
470121,640,480
470173,446,640
470773,640,480
470779,640,479
470924,640,480
470952,428,640
471023,640,426
471087,409,500
471450,640,480
471567,640,480
471756,640,427
471789,640,480
471869,413,500
471893,640,442
471991,640,424
472030,640,480
472046,640,425
472298,640,387
472375,612,612
472623,425,640
472678,640,480
473015,640,427
473118,346,500
473121,500,332
473219,640,428
473237,640,426
473406,480,640
473821,500,333
473869,640,427
473974,640,427
474021,500,375
474028,640,427
474039,640,401
474078,640,480
474095,333,500
474164,633,640
474167,427,640
474170,640,480
474293,640,480
474344,640,427
474452,500,375
474786,375,500
474854,424,640
474881,640,480
475064,640,427
475150,640,427
475191,640,480
475223,640,438
475365,640,426
475387,640,431
475484,426,640
475572,640,431
475678,640,480
475732,640,480
475779,640,480
475904,640,426
476119,640,427
476215,640,409
476258,640,367
476415,426,640
476491,336,500
476514,426,640
476704,640,428
476770,640,426
476787,640,480
476810,640,480
477118,500,333
477227,640,427
477288,480,640
477441,640,480
477623,640,480
477689,459,640
477805,640,427
477955,480,640
478136,533,640
478286,640,480
478393,480,640
478420,480,640
478474,480,640
478721,640,480
478862,640,480
479030,640,424
479099,640,480
479126,640,427
479155,500,332
479248,640,480
479448,500,375
479596,640,428
479732,640,428
479912,478,640
479953,640,393
480021,640,471
480122,640,640
480212,640,480
480275,640,471
480842,640,590
480936,482,640
480944,480,640
480985,375,500
481159,640,463
481386,427,640
481390,640,480
481404,640,424
481413,640,427
481480,640,444
481567,640,480
481573,640,639
481582,640,427
482100,640,427
482275,640,480
482319,640,480
482436,640,401
482477,492,640
482487,480,640
482585,640,480
482719,640,480
482735,640,427
482800,640,457
482917,500,375
482970,640,360
482978,640,360
483050,640,478
483531,640,480
483667,426,640
483999,640,428
484029,480,640
484296,640,480
484351,640,426
484404,640,480
484415,320,240
484760,640,426
484893,640,428
484978,640,491
485027,337,640
485071,640,426
485130,640,467
485237,640,174
485424,640,480
485480,640,281
485802,426,640
485844,576,396
485895,500,332
485972,426,640
486040,480,640
486046,640,480
486104,500,375
486112,640,427
486438,640,427
486479,500,375
486573,480,640
487583,426,640
488075,640,480
488166,361,640
488251,640,360
488270,640,426
488385,480,640
488592,480,640
488664,629,489
488673,480,640
488710,500,400
488736,640,480
489014,640,480
489046,640,427
489091,336,448
489305,305,229
489339,426,640
489611,640,622
489764,640,538
489842,640,566
489924,612,612
490125,500,335
490171,640,427
490413,640,238
490470,640,480
490515,640,427
490936,480,640
491008,640,427
491071,414,640
491090,478,640
491130,443,640
491213,640,480
491216,480,640
491366,500,375
491464,640,428
491470,375,500
491497,375,500
491613,480,640
491683,366,500
491725,500,375
491757,640,479
491867,480,640
492077,640,480
492110,640,427
492282,480,640
492284,640,480
492362,427,640
492758,640,427
492878,640,640
492905,500,343
492937,612,612
492968,640,425
492992,427,640
493019,640,479
493284,640,427
493286,640,359
493334,500,311
493442,640,426
493566,640,264
493613,640,425
493772,640,640
493799,640,483
493864,480,640
493905,571,640
494188,480,640
494427,480,640
494634,640,480
494759,640,480
494863,640,480
494869,427,640
494913,640,428
495054,640,433
495146,640,480
495448,480,640
495732,427,640
496409,500,375
496571,427,640
496597,640,480
496722,640,360
496854,640,480
496954,640,480
497344,500,333
497568,640,424
497599,427,640
497628,480,640
497867,640,408
498032,640,464
498286,640,480
498463,640,480
498709,640,425
498747,640,480
498807,640,426
498857,500,375
498919,432,324
499031,427,640
499109,480,640
499181,640,480
499266,640,480
499313,640,478
499622,412,456
499768,640,428
499775,640,480
500049,640,426
500211,640,480
500257,500,400
500270,640,425
500423,640,427
500464,430,640
500477,640,480
500478,329,640
500565,640,466
500613,640,425
500663,640,480
500716,445,500
500826,640,426
501005,640,396
501023,500,375
501243,640,427
501368,375,500
501523,640,480
502136,500,423
502168,640,458
502229,612,612
502336,640,431
502347,500,375
502599,640,426
502732,480,640
502737,480,640
502910,426,640
503755,480,640
503823,500,333
503841,640,598
503855,640,361
504000,640,243
504074,640,427
504389,500,320
504415,640,427
504439,500,243
504580,640,427
504589,427,640
504635,640,426
504711,640,483
505169,480,640
505451,444,265
505565,640,424
505573,359,640
505638,640,483
505789,480,640
505942,500,375
506004,640,439
506178,375,500
506279,640,640
506310,640,425
506454,640,480
506656,640,480
506707,640,427
506933,640,480
507015,640,426
507037,640,480
507042,427,640
507081,640,640
507223,480,640
507235,612,612
507473,640,480
507575,640,480
507667,500,386
507797,640,425
507893,427,640
507975,640,480
508101,640,480
508312,500,333
508370,427,640
508482,480,640
508586,640,360
508602,500,429
508639,640,480
508730,640,478
508917,640,370
509008,640,434
509014,640,281
509131,640,425
509258,640,428
509260,500,375
509403,640,427
509451,500,375
509656,640,480
509699,640,440
509719,640,427
509735,640,428
509824,640,640
510095,640,428
510329,640,480
511076,640,427
511321,427,640
511384,428,640
511398,640,427
511453,612,612
511599,640,480
511647,640,480
511760,296,640
511999,640,446
512194,640,476
512248,480,640
512330,426,640
512403,529,640
512476,640,426
512564,640,424
512648,640,427
512657,640,427
512776,500,356
512836,480,640
512929,612,612
512985,640,480
513041,640,480
513181,640,423
513283,640,520
513484,640,425
513524,640,425
513567,640,480
513580,640,484
513688,640,480
514376,640,480
514508,640,480
514540,429,640
514586,354,500
514797,640,439
514914,640,366
514979,640,427
515025,640,427
515077,640,479
515266,640,427
515350,640,427
515445,640,480
515577,500,334
515579,500,332
515828,640,429
515982,640,426
516038,480,640
516143,640,480
516173,408,640
516316,640,480
516318,640,427
516601,640,360
516677,640,480
516708,500,375
516804,480,640
516871,640,418
516916,640,480
517056,640,480
517069,640,480
517523,640,435
517687,640,360
517832,640,640
518213,640,480
518326,640,480
518770,500,375
519039,640,299
519208,640,406
519338,640,426
519491,480,640
519522,427,640
519569,426,640
519611,640,480
519688,521,640
519764,500,375
520009,500,412
520077,640,427
520264,640,480
520301,480,640
520324,640,480
520531,640,480
520659,640,480
520707,640,480
520832,640,480
520871,640,425
520910,427,640
521052,640,480
521141,375,500
521231,424,640
521259,640,457
521282,424,640
521405,426,640
521509,640,427
521540,640,480
521601,640,480
521717,640,426
521719,427,640
521819,640,480
521956,500,330
522007,640,480
522156,640,427
522393,640,640
522638,640,428
522713,640,480
522751,640,335
522889,424,640
522940,511,640
523033,640,427
523100,480,640
523175,500,375
523194,640,425
523229,480,640
523241,500,333
523782,640,480
523807,500,375
523811,640,480
523957,640,427
524108,640,400
524280,640,640
524456,640,480
524742,640,480
524850,500,319
525083,640,428
525155,640,426
525247,640,427
525286,640,640
525322,640,428
525600,640,326
526103,640,480
526197,428,640
526256,640,480
526392,500,333
526706,640,427
526728,500,375
526751,640,427
527029,640,640
527215,640,426
527220,500,169
527427,640,480
527528,640,480
527616,640,496
527695,640,426
527750,427,640
527784,640,512
527960,640,427
528314,423,640
528399,640,428
528524,480,640
528578,640,427
528705,426,640
528862,500,375
528977,375,500
528980,426,640
529105,640,480
529122,500,281
529148,640,426
529528,500,333
529568,480,640
529762,640,480
529939,640,480
529966,640,421
530052,640,427
530061,640,455
530099,500,375
530146,640,640
530162,640,427
530457,482,640
530466,640,480
530470,500,375
530624,640,478
530820,640,428
530836,640,464
530854,640,425
530975,640,480
531036,480,640
531134,640,480
531135,500,375
531495,640,438
531707,640,480
531771,424,640
532058,640,480
532071,640,360
532129,640,427
532481,640,426
532493,640,408
532530,640,427
532575,640,427
532690,528,640
532761,640,480
532855,640,457
532901,600,354
533145,500,375
533206,640,427
533493,500,281
533536,640,480
533816,640,426
533855,640,428
533958,640,640
534041,500,375
534270,521,421
534394,640,359
534601,500,332
534605,600,400
534639,640,475
534664,640,404
534673,640,480
534827,612,612
535094,640,427
535156,640,505
535253,612,612
535306,500,333
535523,640,428
535578,427,640
535608,500,376
535858,640,426
536038,358,640
536073,480,640
536343,263,175
536947,640,480
537053,480,640
537153,640,396
537241,640,427
537270,640,480
537355,640,428
537506,600,400
537672,427,640
537802,640,480
537812,640,480
537827,640,400
537964,640,430
537991,640,480
538067,500,375
538236,640,428
538364,640,480
538458,640,427
539143,640,458
539445,612,612
539883,640,427
539962,640,480
540280,427,640
540414,640,480
540466,640,427
540502,640,427
540928,640,455
540932,640,480
540962,500,400
541055,640,360
541123,640,427
541291,640,426
541634,612,612
541664,500,375
541773,640,480
541952,480,640
542073,375,500
542089,375,500
542127,640,426
542423,640,425
542625,640,480
542776,640,426
542856,640,427
543043,640,480
543047,640,480
543300,640,480
543528,640,480
543581,640,427
544052,640,640
544306,612,612
544444,427,640
544519,640,427
544565,640,640
544605,500,375
544811,640,429
545007,425,640
545100,640,426
545129,500,373
545219,640,480
545407,640,424
545594,640,512
545730,640,427
545826,500,333
545958,640,428
546011,500,334
546219,640,427
546325,480,640
546475,383,640
546556,640,301
546626,300,400
546659,420,640
546717,471,640
546823,640,480
546826,640,480
546829,640,425
546964,640,478
546976,500,375
547144,640,480
547336,640,480
547383,640,426
547502,640,480
547519,640,425
547816,427,640
547854,640,640
547886,640,427
548246,640,428
548267,640,480
548339,640,576
548506,640,425
548524,640,427
548555,640,426
548780,640,427
549055,640,304
549136,640,434
549167,426,640
549220,480,640
549390,640,427
549674,640,480
549738,640,426
549930,640,558
550084,500,375
550322,427,640
550349,480,640
550426,416,640
550471,640,425
550691,640,480
550714,640,480
550797,361,640
550939,418,640
551215,480,640
551304,480,640
551350,640,480
551439,427,640
551660,424,640
551780,640,480
551794,640,480
551804,640,427
551815,640,480
551820,640,425
551822,640,453
552371,640,426
552612,612,612
552775,375,500
552842,640,427
552883,640,426
552902,640,427
553094,640,426
553221,640,427
553339,500,375
553511,500,333
553664,640,414
553669,640,480
553731,640,428
553776,640,489
553788,640,363
553990,600,400
554002,640,425
554156,640,428
554266,640,253
554291,640,428
554328,640,499
554579,494,640
554595,500,376
554735,640,480
554838,480,640
555005,640,480
555009,500,375
555012,640,426
555050,500,322
555412,640,427
555597,640,517
555705,640,371
555972,480,640
556000,640,515
556158,480,640
556193,500,333
556498,640,480
556765,640,428
556873,427,640
557172,640,480
557258,331,500
557501,640,480
557672,640,433
557884,480,640
557916,640,426
558073,500,375
558114,640,480
558213,640,432
558421,640,427
558558,640,480
558854,500,375
559099,640,360
559160,429,640
559348,640,480
559513,640,421
559543,500,333
559547,640,491
559707,478,640
559842,640,427
559956,640,480
560011,332,500
560178,640,480
560256,640,480
560266,640,425
560279,612,612
560312,640,425
560371,640,427
560474,640,480
560880,640,508
560911,481,640
561009,640,427
561223,640,427
561256,640,480
561335,500,376
561366,640,480
561465,612,612
561679,640,480
561889,640,480
561958,640,480
562059,427,640
562121,640,454
562197,640,640
562207,640,425
562229,640,640
562243,640,640
562443,640,480
562448,640,480
562561,640,480
562581,640,444
562818,640,480
562843,500,375
563267,500,375
563281,489,500
563349,427,640
563470,640,427
563603,459,640
563604,640,479
563648,468,640
563653,640,431
563702,640,427
563758,429,640
563882,640,425
564023,480,640
564091,427,640
564127,428,640
564133,640,424
564280,640,425
564336,640,360
565012,640,425
565045,333,500
565153,379,500
565391,480,640
565469,426,640
565563,640,480
565597,478,640
565607,640,313
565624,640,375
565776,640,421
565778,640,400
565853,500,375
565877,427,640
565962,479,322
565989,480,640
566042,500,333
566282,640,426
566436,640,427
566524,640,480
566758,640,480
566923,640,426
567011,640,426
567197,500,407
567432,640,424
567640,640,425
567740,640,480
567825,427,640
567886,500,375
567898,640,454
568147,480,640
568195,427,640
568213,500,325
568290,640,427
568439,640,449
568584,640,426
568690,480,640
568710,640,427
568814,640,359
568981,640,426
569030,500,375
569059,640,480
569273,640,480
569565,640,427
569700,500,341
569825,338,500
569917,480,640
569972,640,574
569976,480,640
570169,423,640
570448,640,484
570456,640,480
570471,375,500
570539,372,500
570664,500,333
570688,640,480
570736,427,640
570756,640,428
570782,640,427
570834,640,480
571008,640,425
571264,640,426
571313,480,640
571598,640,480
571718,640,427
571804,640,426
571857,640,426
571893,640,428
571943,640,480
572303,640,480
572388,349,500
572408,424,640
572462,612,612
572517,640,424
572555,640,425
572620,640,427
572678,640,425
572900,640,480
572956,500,333
573008,640,480
573094,375,500
573258,640,480
573391,640,480
573626,500,375
573943,640,480
574297,640,427
574315,640,480
574425,640,422
574520,640,399
574702,333,500
574810,377,500
574823,375,500
575081,640,427
575187,500,375
575205,640,427
575243,640,427
575357,640,453
575372,640,480
575500,426,640
575815,640,451
575970,640,480
576031,640,480
576052,640,427
576566,469,640
576654,640,427
576955,640,427
577149,640,413
577182,640,427
577539,500,334
577584,418,640
577735,640,480
577862,640,424
577864,640,426
577932,640,543
577959,640,427
577976,640,428
578093,640,480
578236,429,640
578489,640,480
578500,640,290
578545,640,474
578792,640,427
578871,480,640
578922,598,640
578967,640,469
579070,640,427
579091,640,425
579158,640,480
579307,480,640
579321,640,498
579635,640,429
579655,640,399
579818,640,360
579893,500,332
579900,375,500
579902,556,640
579970,500,336
580197,640,480
580294,640,443
580410,427,640
580418,640,428
580757,640,425
581062,500,375
581100,640,480
581206,479,640
581317,640,354
581357,612,612
581482,640,427
581615,478,640
581781,640,478
