-- MySQL dump 10.13  Distrib 8.0.41, for Win64 (x86_64)
--
-- Host: 127.0.0.1    Database: ai_leaderboard
-- ------------------------------------------------------
-- Server version	8.0.41

/*!40101 SET @OLD_CHARACTER_SET_CLIENT=@@CHARACTER_SET_CLIENT */;
/*!40101 SET @OLD_CHARACTER_SET_RESULTS=@@CHARACTER_SET_RESULTS */;
/*!40101 SET @OLD_COLLATION_CONNECTION=@@COLLATION_CONNECTION */;
/*!50503 SET NAMES utf8 */;
/*!40103 SET @OLD_TIME_ZONE=@@TIME_ZONE */;
/*!40103 SET TIME_ZONE='+00:00' */;
/*!40014 SET @OLD_UNIQUE_CHECKS=@@UNIQUE_CHECKS, UNIQUE_CHECKS=0 */;
/*!40014 SET @OLD_FOREIGN_KEY_CHECKS=@@FOREIGN_KEY_CHECKS, FOREIGN_KEY_CHECKS=0 */;
/*!40101 SET @OLD_SQL_MODE=@@SQL_MODE, SQL_MODE='NO_AUTO_VALUE_ON_ZERO' */;
/*!40111 SET @OLD_SQL_NOTES=@@SQL_NOTES, SQL_NOTES=0 */;

--
-- Table structure for table `benchmarks`
--

DROP TABLE IF EXISTS `benchmarks`;
/*!40101 SET @saved_cs_client     = @@character_set_client */;
/*!50503 SET character_set_client = utf8mb4 */;
CREATE TABLE `benchmarks` (
  `benchmark_id` int NOT NULL AUTO_INCREMENT,
  `model_id` int NOT NULL,
  `device_id` int NOT NULL,
  `mAP` float NOT NULL,
  `AP_50` float DEFAULT NULL,
  `AP_75` float DEFAULT NULL,
  `AP_small` float DEFAULT NULL,
  `AP_medium` float DEFAULT NULL,
  `AP_large` float DEFAULT NULL,
  `AR` float NOT NULL,
  `AR_50` float DEFAULT NULL,
  `AR_75` float DEFAULT NULL,
  `AR_small` float DEFAULT NULL,
  `AR_medium` float DEFAULT NULL,
  `AR_large` float DEFAULT NULL,
  `inference_time` float NOT NULL,
  `runtime` varchar(255) NOT NULL,
  `memory_usage` float NOT NULL,
  `min_memory` float DEFAULT NULL,
  `compute_units_npu` int DEFAULT NULL,
  `compute_units_gpu` int DEFAULT NULL,
  `compute_units_cpu` int DEFAULT NULL,
  PRIMARY KEY (`benchmark_id`),
  KEY `model_id` (`model_id`),
  KEY `device_id` (`device_id`),
  CONSTRAINT `benchmarks_ibfk_1` FOREIGN KEY (`model_id`) REFERENCES `models` (`model_id`),
  CONSTRAINT `benchmarks_ibfk_2` FOREIGN KEY (`device_id`) REFERENCES `devices` (`device_id`)
) ENGINE=InnoDB AUTO_INCREMENT=121 DEFAULT CHARSET=utf8mb4 COLLATE=utf8mb4_0900_ai_ci;
/*!40101 SET character_set_client = @saved_cs_client */;

--
-- Dumping data for table `benchmarks`
--

LOCK TABLES `benchmarks` WRITE;
/*!40000 ALTER TABLE `benchmarks` DISABLE KEYS */;
INSERT INTO `benchmarks` VALUES (1,1,1,0.34,0.529,0.354,0.1,0.361,0.582,0.29,0.444,0.477,0.174,0.518,0.776,13.292,'tflite',26,0,872,0,0),(2,2,1,0.329,0.515,0.339,0.098,0.346,0.567,0.285,0.433,0.467,0.169,0.507,0.761,9.479,'tflite',19,0,804,0,0),(3,3,1,0.34,0.49,0.365,0.153,0.377,0.47,0.281,0.45,0.495,0.27,0.551,0.631,10.593,'tflite',15,0,181,0,0),(4,4,1,0.333,0.501,0.359,0.172,0.376,0.445,0.277,0.445,0.482,0.289,0.532,0.602,17.563,'tflite',13,1,215,0,0),(5,5,1,0.332,0.478,0.357,0.164,0.366,0.448,0.279,0.451,0.493,0.293,0.542,0.616,5.931,'tflite',16,0,267,0,0),(6,6,1,0.359,0.51,0.383,0.181,0.398,0.486,0.289,0.467,0.512,0.301,0.563,0.646,6.227,'tflite',7,0,333,0,0),(7,7,1,0.359,0.514,0.384,0.186,0.392,0.508,0.289,0.469,0.515,0.315,0.566,0.656,5.975,'tflite',12,0,359,0,0),(8,8,1,0.299,0.486,0.321,0.134,0.338,0.414,0.253,0.412,0.455,0.262,0.506,0.576,2.507,'tflite',28,0,228,0,0),(9,9,1,0.268,0.444,0.284,0.107,0.289,0.389,0.236,0.379,0.414,0.217,0.451,0.549,1.514,'tflite',13,0,280,0,0),(10,10,1,0.285,0.472,0.299,0.114,0.3,0.437,0.242,0.392,0.432,0.227,0.468,0.585,1.829,'tflite',11,0,372,0,0),(11,11,2,0.292,0.466,0.302,0.077,0.306,0.511,0.269,0.411,0.463,0.153,0.505,0.768,20.609,'tflite',29,0,843,0,0),(12,1,2,0.34,0.529,0.354,0.1,0.361,0.582,0.29,0.444,0.477,0.174,0.518,0.776,13.251,'tflite',28,0,872,0,0),(13,2,2,0.329,0.515,0.339,0.098,0.346,0.567,0.285,0.433,0.467,0.169,0.507,0.761,9.376,'tflite',19,0,804,0,0),(14,12,2,0.153,0.343,0.113,0.087,0.202,0.172,0.143,0.271,0.316,0.192,0.393,0.354,16.814,'tflite',7,0,161,0,0),(15,3,2,0.34,0.49,0.365,0.153,0.377,0.47,0.281,0.45,0.495,0.27,0.551,0.631,10.563,'tflite',14,0,181,0,0),(16,4,2,0.333,0.501,0.359,0.172,0.376,0.445,0.277,0.445,0.482,0.289,0.532,0.602,17.61,'tflite',12,1,215,0,0),(17,5,2,0.332,0.478,0.357,0.164,0.366,0.448,0.279,0.451,0.493,0.293,0.542,0.616,5.769,'tflite',13,0,267,0,0),(18,6,2,0.359,0.51,0.383,0.181,0.398,0.486,0.289,0.467,0.512,0.301,0.563,0.646,6.145,'tflite',10,0,333,0,0),(19,7,2,0.359,0.514,0.384,0.186,0.392,0.508,0.289,0.469,0.515,0.315,0.566,0.656,5.998,'tflite',11,0,359,0,0),(20,8,2,0.299,0.486,0.321,0.134,0.338,0.414,0.253,0.412,0.455,0.262,0.506,0.576,2.526,'tflite',30,0,228,0,0),(21,9,2,0.268,0.444,0.284,0.107,0.289,0.389,0.236,0.379,0.414,0.217,0.451,0.549,1.513,'tflite',11,0,280,0,0),(22,10,2,0.285,0.472,0.299,0.114,0.3,0.437,0.242,0.392,0.432,0.227,0.468,0.585,1.827,'tflite',10,0,372,0,0),(23,11,3,0.292,0.466,0.302,0.077,0.306,0.511,0.269,0.411,0.463,0.153,0.505,0.768,19.839,'tflite',25,0,843,0,0),(24,1,3,0.34,0.529,0.354,0.1,0.361,0.582,0.29,0.444,0.477,0.174,0.518,0.776,13.318,'tflite',24,0,872,0,0),(25,2,3,0.287,0.449,0.296,0.085,0.306,0.497,0.257,0.39,0.42,0.149,0.461,0.688,9.405,'tflite',20,0,804,0,0),(26,12,3,0.153,0.343,0.113,0.087,0.202,0.172,0.143,0.271,0.316,0.192,0.393,0.354,16.769,'tflite',8,0,161,0,0),(27,3,3,0.34,0.49,0.365,0.153,0.377,0.47,0.281,0.45,0.495,0.27,0.551,0.631,10.508,'tflite',9,0,181,0,0),(28,4,3,0.333,0.501,0.359,0.172,0.376,0.445,0.277,0.445,0.482,0.289,0.532,0.602,17.372,'tflite',12,1,215,0,0),(29,5,3,0.332,0.478,0.357,0.164,0.366,0.448,0.279,0.451,0.493,0.293,0.542,0.616,5.823,'tflite',17,0,267,0,0),(30,6,3,0.359,0.51,0.383,0.181,0.398,0.486,0.289,0.467,0.512,0.301,0.563,0.646,6.155,'tflite',8,0,333,0,0),(31,7,3,0.359,0.514,0.384,0.186,0.392,0.508,0.289,0.469,0.515,0.315,0.566,0.656,5.965,'tflite',11,0,359,0,0),(32,8,3,0.299,0.486,0.321,0.134,0.338,0.414,0.253,0.412,0.455,0.262,0.506,0.576,2.522,'tflite',29,0,228,0,0),(33,9,3,0.268,0.444,0.284,0.107,0.289,0.389,0.236,0.379,0.414,0.217,0.451,0.549,1.501,'tflite',12,0,280,0,0),(34,10,3,0.285,0.472,0.299,0.114,0.3,0.437,0.242,0.392,0.432,0.227,0.468,0.585,1.815,'tflite',10,0,372,0,0),(35,11,4,0.291,0.465,0.302,0.076,0.306,0.511,0.268,0.41,0.463,0.152,0.504,0.768,29.097,'tflite',221,0,843,0,0),(36,1,4,0.34,0.529,0.355,0.1,0.361,0.582,0.291,0.444,0.477,0.173,0.518,0.776,21.046,'tflite',169,0,872,0,0),(37,2,4,0.329,0.515,0.339,0.098,0.346,0.567,0.285,0.433,0.467,0.168,0.508,0.761,16.975,'tflite',133,0,804,0,0),(38,12,4,0.153,0.343,0.113,0.087,0.202,0.172,0.143,0.271,0.316,0.192,0.393,0.354,21.122,'tflite',70,0,161,0,0),(39,3,4,0.34,0.49,0.365,0.154,0.377,0.47,0.281,0.45,0.495,0.271,0.551,0.632,12.363,'tflite',38,0,181,0,0),(40,4,4,0.333,0.501,0.358,0.171,0.376,0.445,0.277,0.445,0.482,0.289,0.532,0.601,22.1,'tflite',24,1,215,0,0),(41,5,4,0.332,0.478,0.357,0.164,0.366,0.448,0.279,0.451,0.494,0.294,0.542,0.616,8.664,'tflite',27,0,267,0,0),(42,6,4,0.359,0.51,0.383,0.179,0.398,0.486,0.289,0.467,0.512,0.3,0.563,0.646,8.961,'tflite',27,0,333,0,0),(43,7,4,0.359,0.514,0.384,0.186,0.392,0.508,0.289,0.469,0.515,0.315,0.565,0.656,8.699,'tflite',25,0,359,0,0),(44,8,4,0.298,0.488,0.318,0.132,0.335,0.42,0.254,0.412,0.453,0.255,0.501,0.584,2.967,'tflite',23,0,228,0,0),(45,9,4,0.267,0.442,0.281,0.106,0.288,0.394,0.235,0.379,0.413,0.215,0.448,0.552,2.289,'tflite',20,0,281,0,0),(46,10,4,0.289,0.476,0.302,0.116,0.308,0.44,0.243,0.393,0.432,0.224,0.475,0.586,2.72,'tflite',23,1,372,0,0),(47,11,5,0.291,0.466,0.302,0.077,0.306,0.511,0.268,0.411,0.464,0.152,0.505,0.769,709.377,'tflite',20,4,0,0,843),(48,1,5,0.34,0.529,0.355,0.1,0.362,0.581,0.29,0.444,0.477,0.173,0.518,0.776,1088.13,'tflite',13,0,0,0,856),(49,13,5,0.362,0.549,0.378,0.121,0.396,0.592,0.305,0.471,0.508,0.208,0.561,0.781,1645.48,'tflite',15,0,0,0,857),(50,2,5,0.33,0.516,0.339,0.099,0.347,0.567,0.285,0.434,0.467,0.169,0.509,0.76,626.926,'tflite',15,0,0,0,788),(51,14,5,0.32,0.487,0.334,0.108,0.345,0.524,0.271,0.419,0.451,0.177,0.498,0.703,1249.28,'tflite',15,0,0,0,789),(52,12,5,0.153,0.343,0.113,0.087,0.202,0.172,0.143,0.271,0.316,0.193,0.393,0.354,238.01,'tflite',18,4,0,51,109),(53,3,5,0.34,0.49,0.365,0.153,0.377,0.47,0.281,0.451,0.496,0.27,0.552,0.633,95.805,'tflite',35,6,0,122,58),(54,4,5,0.335,0.503,0.361,0.172,0.378,0.447,0.279,0.453,0.505,0.316,0.557,0.616,135.31,'tflite',47,21,1,145,69),(55,5,5,0.333,0.48,0.359,0.164,0.368,0.449,0.28,0.454,0.499,0.297,0.549,0.621,74.248,'tflite',35,3,1,244,45),(56,6,5,0.215,0.315,0.23,0.101,0.238,0.283,0.213,0.342,0.379,0.212,0.416,0.464,63.093,'tflite',32,3,1,310,45),(57,7,5,0.145,0.219,0.155,0.067,0.147,0.208,0.161,0.266,0.303,0.164,0.324,0.367,61.484,'tflite',35,3,1,336,45),(58,8,5,0.292,0.481,0.31,0.128,0.333,0.405,0.249,0.406,0.449,0.269,0.498,0.567,122.44,'tflite',41,15,0,146,82),(59,11,6,0.291,0.466,0.301,0.077,0.306,0.512,0.268,0.411,0.464,0.152,0.505,0.769,215.226,'tflite',45,6,224,76,543),(60,1,6,0.34,0.529,0.355,0.099,0.362,0.581,0.291,0.444,0.477,0.173,0.519,0.775,239.351,'tflite',48,4,219,144,509),(61,2,6,0.33,0.516,0.339,0.098,0.347,0.566,0.285,0.433,0.467,0.167,0.508,0.76,180.47,'tflite',44,6,219,76,509),(62,12,6,0.153,0.344,0.112,0.088,0.203,0.173,0.143,0.271,0.317,0.196,0.395,0.355,55.293,'tflite',86,18,28,32,101),(63,3,6,0.34,0.49,0.366,0.153,0.377,0.47,0.282,0.451,0.496,0.27,0.552,0.632,40.123,'tflite',44,4,23,110,48),(64,4,6,0.335,0.503,0.361,0.172,0.378,0.447,0.279,0.453,0.505,0.316,0.557,0.616,54.295,'tflite',65,20,1,145,69),(65,5,6,0.333,0.48,0.359,0.164,0.367,0.449,0.28,0.455,0.502,0.3,0.552,0.623,40.074,'tflite',49,8,10,227,30),(66,6,6,0.352,0.502,0.376,0.178,0.393,0.475,0.285,0.465,0.514,0.309,0.569,0.642,55.362,'tflite',45,12,17,162,154),(67,7,6,0.359,0.514,0.384,0.188,0.39,0.509,0.29,0.471,0.521,0.322,0.574,0.661,57.353,'tflite',42,10,17,170,172),(68,8,6,0.292,0.481,0.311,0.13,0.333,0.408,0.249,0.405,0.448,0.26,0.497,0.568,54.135,'tflite',50,15,0,146,82),(69,9,6,0.269,0.447,0.283,0.106,0.288,0.394,0.236,0.38,0.413,0.215,0.449,0.546,2.209,'tflite',30,0,280,0,0),(70,10,6,0.275,0.454,0.288,0.11,0.29,0.421,0.235,0.38,0.417,0.214,0.456,0.563,2.558,'tflite',32,0,372,0,0),(71,11,7,0.292,0.466,0.302,0.077,0.306,0.511,0.269,0.411,0.463,0.153,0.505,0.768,13.285,'tflite',30,0,872,0,0),(72,1,7,0.34,0.529,0.354,0.1,0.361,0.582,0.29,0.444,0.477,0.174,0.518,0.776,13.278,'tflite',30,0,872,0,0),(73,13,7,0.361,0.549,0.377,0.121,0.395,0.592,0.305,0.471,0.507,0.208,0.56,0.782,81.716,'tflite',146,0,873,0,0),(74,2,7,0.329,0.515,0.339,0.098,0.346,0.567,0.285,0.433,0.467,0.169,0.507,0.761,9.269,'tflite',18,0,804,0,0),(75,14,7,0.353,0.54,0.368,0.121,0.377,0.578,0.301,0.465,0.501,0.203,0.548,0.779,74.623,'tflite',142,0,805,0,0),(76,12,7,0.153,0.344,0.113,0.088,0.202,0.172,0.144,0.271,0.317,0.193,0.394,0.353,16.538,'tflite',7,0,161,0,0),(77,3,7,0.343,0.495,0.369,0.155,0.381,0.472,0.283,0.454,0.499,0.271,0.556,0.64,10.524,'tflite',12,0,181,0,0),(78,4,7,0.335,0.504,0.362,0.171,0.38,0.443,0.277,0.447,0.485,0.29,0.537,0.601,17.649,'tflite',15,1,215,0,0),(79,5,7,0.336,0.483,0.36,0.167,0.368,0.45,0.281,0.455,0.498,0.295,0.546,0.621,5.841,'tflite',16,0,267,0,0),(80,6,7,0.362,0.514,0.387,0.182,0.402,0.491,0.291,0.471,0.516,0.305,0.565,0.651,6.2,'tflite',12,0,333,0,0),(81,7,7,0.36,0.516,0.386,0.191,0.393,0.51,0.289,0.471,0.516,0.319,0.566,0.657,6.06,'tflite',11,0,359,0,0),(82,11,8,0.292,0.465,0.302,0.077,0.306,0.511,0.268,0.41,0.463,0.152,0.504,0.767,15.386,'tflite',234,0,843,0,0),(83,1,8,0.34,0.529,0.354,0.1,0.361,0.581,0.29,0.444,0.477,0.173,0.518,0.775,9.366,'tflite',195,0,856,0,0),(84,13,8,0.362,0.549,0.378,0.121,0.396,0.593,0.305,0.471,0.508,0.208,0.561,0.781,57.711,'tflite',701,0,857,0,0),(85,2,8,0.329,0.516,0.339,0.098,0.346,0.567,0.285,0.433,0.467,0.168,0.508,0.761,6.376,'tflite',147,0,788,0,0),(86,14,8,0.353,0.539,0.369,0.122,0.378,0.578,0.301,0.465,0.501,0.203,0.549,0.779,54.947,'tflite',648,0,789,0,0),(87,12,8,0.153,0.343,0.112,0.087,0.202,0.172,0.143,0.271,0.316,0.192,0.393,0.354,10.754,'tflite',92,0,160,0,0),(88,3,8,0.339,0.49,0.365,0.153,0.377,0.47,0.281,0.45,0.495,0.27,0.551,0.631,7.291,'tflite',52,0,180,0,0),(89,4,8,0.333,0.501,0.359,0.172,0.376,0.445,0.277,0.445,0.482,0.289,0.532,0.601,12.89,'tflite',40,0,215,0,0),(90,5,8,0.332,0.478,0.357,0.163,0.366,0.448,0.279,0.451,0.494,0.293,0.542,0.616,5.359,'tflite',51,0,290,0,0),(91,6,8,0.359,0.51,0.383,0.181,0.398,0.486,0.289,0.467,0.512,0.302,0.563,0.643,5.624,'tflite',49,0,356,0,0),(92,7,8,0.359,0.514,0.385,0.186,0.392,0.509,0.289,0.469,0.515,0.316,0.565,0.656,5.445,'tflite',47,0,382,0,0),(93,8,8,0.299,0.486,0.321,0.134,0.338,0.414,0.253,0.412,0.455,0.262,0.506,0.576,1.69,'tflite',34,0,228,0,0),(94,9,8,0.268,0.444,0.284,0.107,0.289,0.389,0.236,0.379,0.414,0.217,0.451,0.549,0.997,'tflite',36,0,280,0,0),(95,10,8,0.285,0.472,0.299,0.114,0.3,0.437,0.242,0.392,0.432,0.227,0.468,0.585,1.21,'tflite',29,0,372,0,0),(96,11,9,0.291,0.465,0.302,0.076,0.306,0.512,0.268,0.411,0.463,0.152,0.504,0.768,23.967,'tflite',228,0,843,0,0),(97,2,9,0.329,0.515,0.339,0.097,0.346,0.567,0.285,0.433,0.467,0.167,0.507,0.761,13.661,'tflite',136,0,804,0,0),(98,12,9,0.153,0.343,0.113,0.087,0.202,0.172,0.143,0.271,0.316,0.192,0.393,0.355,17.983,'tflite',89,0,161,0,0),(99,3,9,0.34,0.49,0.365,0.153,0.377,0.47,0.281,0.45,0.495,0.27,0.552,0.632,13.306,'tflite',36,0,181,0,0),(100,4,9,0.335,0.503,0.36,0.172,0.378,0.448,0.279,0.453,0.503,0.318,0.555,0.619,20.87,'tflite',40,1,215,0,0),(101,5,9,0.333,0.479,0.358,0.161,0.367,0.449,0.279,0.451,0.494,0.291,0.544,0.615,8.889,'tflite',37,0,267,0,0),(102,6,9,0.359,0.511,0.383,0.18,0.399,0.486,0.289,0.467,0.513,0.3,0.565,0.643,9.675,'tflite',36,0,333,0,0),(103,7,9,0.359,0.514,0.384,0.187,0.39,0.509,0.288,0.468,0.514,0.314,0.563,0.657,9.333,'tflite',36,0,359,0,0),(104,8,9,0.294,0.484,0.313,0.132,0.332,0.413,0.249,0.407,0.448,0.253,0.495,0.572,3.205,'tflite',36,0,228,0,0),(105,9,9,0.266,0.441,0.279,0.106,0.286,0.392,0.234,0.376,0.41,0.213,0.448,0.549,1.786,'tflite',34,0,281,0,0),(106,10,9,0.289,0.475,0.302,0.112,0.307,0.442,0.242,0.394,0.432,0.221,0.474,0.586,2.168,'tflite',32,0,372,0,0),(107,11,9,0.292,0.466,0.302,0.076,0.307,0.511,0.268,0.411,0.463,0.151,0.505,0.768,12.178,'tflite',221,0,843,0,0),(108,1,9,0.34,0.53,0.356,0.1,0.362,0.581,0.291,0.444,0.477,0.173,0.518,0.776,9.366,'tflite',169,0,856,0,0),(109,13,9,0.362,0.549,0.377,0.122,0.395,0.592,0.305,0.471,0.508,0.209,0.561,0.781,53.997,'tflite',700,7,857,0,0),(110,2,9,0.33,0.516,0.34,0.099,0.347,0.567,0.285,0.434,0.467,0.169,0.508,0.761,6.154,'tflite',134,0,788,0,0),(111,14,9,0.354,0.54,0.369,0.122,0.378,0.578,0.301,0.465,0.501,0.204,0.549,0.779,45.153,'tflite',647,0,789,0,0),(112,12,9,0.153,0.344,0.113,0.088,0.202,0.172,0.144,0.271,0.317,0.193,0.395,0.353,8.347,'tflite',73,0,160,0,0),(113,3,9,0.343,0.495,0.369,0.155,0.381,0.472,0.283,0.455,0.5,0.271,0.557,0.639,6.233,'tflite',43,0,180,0,0),(114,4,9,0.335,0.504,0.362,0.171,0.38,0.443,0.277,0.447,0.486,0.291,0.537,0.601,12.373,'tflite',30,1,215,0,0),(115,5,9,0.335,0.484,0.36,0.167,0.368,0.45,0.281,0.455,0.499,0.297,0.547,0.623,4.3,'tflite',41,0,290,0,0),(116,6,9,0.362,0.514,0.387,0.186,0.401,0.491,0.291,0.471,0.517,0.316,0.566,0.652,5.207,'tflite',43,0,356,0,0),(117,7,9,0.36,0.516,0.386,0.192,0.393,0.51,0.289,0.471,0.517,0.32,0.567,0.657,4.486,'tflite',44,0,382,0,0),(118,8,10,0.296,0.486,0.313,0.13,0.337,0.412,0.252,0.407,0.449,0.255,0.497,0.569,1.689,'tflite',26,0,228,0,0),(119,9,10,0.27,0.45,0.281,0.103,0.292,0.398,0.237,0.381,0.416,0.21,0.453,0.558,0.77,'tflite',28,0,281,0,0),(120,10,10,0.289,0.476,0.303,0.116,0.304,0.447,0.244,0.393,0.431,0.224,0.468,0.589,0.931,'tflite',26,0,373,0,0);
/*!40000 ALTER TABLE `benchmarks` ENABLE KEYS */;
UNLOCK TABLES;

--
-- Table structure for table `devices`
--

DROP TABLE IF EXISTS `devices`;
/*!40101 SET @saved_cs_client     = @@character_set_client */;
/*!50503 SET character_set_client = utf8mb4 */;
CREATE TABLE `devices` (
  `device_id` int NOT NULL AUTO_INCREMENT,
  `device_name` varchar(255) NOT NULL,
  `chipset` varchar(255) NOT NULL,
  `operating_system` varchar(255) NOT NULL,
  PRIMARY KEY (`device_id`)
) ENGINE=InnoDB AUTO_INCREMENT=11 DEFAULT CHARSET=utf8mb4 COLLATE=utf8mb4_0900_ai_ci;
/*!40101 SET character_set_client = @saved_cs_client */;

--
-- Dumping data for table `devices`
--

LOCK TABLES `devices` WRITE;
/*!40000 ALTER TABLE `devices` DISABLE KEYS */;
INSERT INTO `devices` VALUES (1,'SA8255 (Proxy)','Qualcomm SA8255P','Android 13'),(2,'SA8650 (Proxy)','Qualcomm SA8650P','Android 13'),(3,'QCS8550 (Proxy)','Qualcomm QCS8550','Android 12'),(4,'QCS9075 (Proxy)','Qualcomm QCS9075','Android 14'),(5,'Google Pixel 5 (Family)','Snapdragon 765G | SM7250','Android 12'),(6,'Samsung Galaxy S21 (Family)','Snapdragon 888 | SM8350','Android 12'),(7,'Samsung Galaxy S23 (Family)','Snapdragon 8 Gen 2 | SM8550','Android 13'),(8,'Samsung Galaxy S24 (Family)','Snapdragon 8 Gen 3 | SM8650','Android 14'),(9,'Samsung Galaxy Tab S8','Snapdragon 8 Gen 1 | SM8450','Android 12'),(10,'Snapdragon 8 Elite QRD','Snapdragon 8 Elite | SM8750','Android 15');
/*!40000 ALTER TABLE `devices` ENABLE KEYS */;
UNLOCK TABLES;

--
-- Table structure for table `models`
--

DROP TABLE IF EXISTS `models`;
/*!40101 SET @saved_cs_client     = @@character_set_client */;
/*!50503 SET character_set_client = utf8mb4 */;
CREATE TABLE `models` (
  `model_id` int NOT NULL AUTO_INCREMENT,
  `model_name` varchar(255) NOT NULL,
  `website_url` varchar(512) DEFAULT NULL,
  `article_url` varchar(512) DEFAULT NULL,
  PRIMARY KEY (`model_id`)
) ENGINE=InnoDB AUTO_INCREMENT=15 DEFAULT CHARSET=utf8mb4 COLLATE=utf8mb4_0900_ai_ci;
/*!40101 SET character_set_client = @saved_cs_client */;

--
-- Dumping data for table `models`
--

LOCK TABLES `models` WRITE;
/*!40000 ALTER TABLE `models` DISABLE KEYS */;
INSERT INTO `models` VALUES (1,'DETR-ResNet101','https://aihub.qualcomm.com/models/detr_resnet101?domain=Computer+Vision&useCase=Object+Detection','https://paperswithcode.com/paper/end-to-end-object-detection-with-transformers'),(2,'DETR-ResNet50','https://aihub.qualcomm.com/models/detr_resnet50?domain=Computer+Vision&useCase=Object+Detection','https://paperswithcode.com/paper/end-to-end-object-detection-with-transformers'),(3,'Yolo-v6','https://aihub.qualcomm.com/models/yolov6?domain=Computer+Vision&useCase=Object+Detection','https://paperswithcode.com/paper/yolov6-a-single-stage-object-detection'),(4,'Yolo-v7','https://aihub.qualcomm.com/models/yolov7?domain=Computer+Vision&useCase=Object+Detection','https://paperswithcode.com/paper/yolov7-trainable-bag-of-freebies-sets-new'),(5,'Yolo-v8','https://aihub.qualcomm.com/models/yolov8_det?searchTerm=yolo&domain=Computer+Vision&useCase=Object+Detection','https://paperswithcode.com/paper/real-time-flying-object-detection-with-yolov8'),(6,'Yolo-v10','https://aihub.qualcomm.com/models/yolov10_det?searchTerm=yolo&domain=Computer+Vision&useCase=Object+Detection','https://paperswithcode.com/paper/yolov10-real-time-end-to-end-object-detection'),(7,'Yolo-v11','https://aihub.qualcomm.com/models/yolov11_det?searchTerm=yolo&domain=Computer+Vision&useCase=Object+Detection','https://paperswithcode.com/paper/yolov11-an-overview-of-the-key-architectural'),(8,'Yolo-v7-Quantized','https://aihub.qualcomm.com/models/yolov7_quantized?searchTerm=yolo&domain=Computer+Vision&useCase=Object+Detection','https://paperswithcode.com/paper/yolov7-trainable-bag-of-freebies-sets-new'),(9,'Yolo-v8-Quantized','https://aihub.qualcomm.com/models/yolov8_det_quantized?searchTerm=yolo&domain=Computer+Vision&useCase=Object+Detection','https://paperswithcode.com/paper/real-time-flying-object-detection-with-yolov8'),(10,'Yolo-v11-Quantized','https://aihub.qualcomm.com/models/yolov11_det_quantized?searchTerm=yolo&domain=Computer+Vision&useCase=Object+Detection','https://paperswithcode.com/paper/yolov11-an-overview-of-the-key-architectural'),(11,'Conditional-DETR-ResNet50','https://aihub.qualcomm.com/models/conditional_detr_resnet50?domain=Computer+Vision&useCase=Object+Detection','https://paperswithcode.com/paper/end-to-end-object-detection-with-transformers'),(12,'Yolo-v3','https://aihub.qualcomm.com/models/yolov3?domain=Computer+Vision&useCase=Object+Detection','https://paperswithcode.com/method/yolov3'),(13,'DETR-ResNet101-DC5','https://aihub.qualcomm.com/models/detr_resnet101_dc5?domain=Computer+Vision&useCase=Object+Detection','https://paperswithcode.com/paper/end-to-end-object-detection-with-transformers'),(14,'DETR-ResNet50-DC5','https://aihub.qualcomm.com/models/detr_resnet50_dc5?domain=Computer+Vision&useCase=Object+Detection','https://paperswithcode.com/paper/end-to-end-object-detection-with-transformers');
/*!40000 ALTER TABLE `models` ENABLE KEYS */;
UNLOCK TABLES;
/*!40103 SET TIME_ZONE=@OLD_TIME_ZONE */;

/*!40101 SET SQL_MODE=@OLD_SQL_MODE */;
/*!40014 SET FOREIGN_KEY_CHECKS=@OLD_FOREIGN_KEY_CHECKS */;
/*!40014 SET UNIQUE_CHECKS=@OLD_UNIQUE_CHECKS */;
/*!40101 SET CHARACTER_SET_CLIENT=@OLD_CHARACTER_SET_CLIENT */;
/*!40101 SET CHARACTER_SET_RESULTS=@OLD_CHARACTER_SET_RESULTS */;
/*!40101 SET COLLATION_CONNECTION=@OLD_COLLATION_CONNECTION */;
/*!40111 SET SQL_NOTES=@OLD_SQL_NOTES */;

-- Dump completed on 2025-04-23 19:18:04
